id,sia_e,sia_n,ssa_n,pseudo_plastic_q,pseudo_plastic_uthreshold,till_effective_fraction_overburden,phi_min,z_min,z_max,phi_max,sliding_law
0,3.4438661920939877,3.321251082763421,3.396114032203922,0.4406173762803557,191.50735704335983,0.01045970549805094,11.773807546416375,-228.7884959592127,694.0644217257844,40,pseudo_plastic
1,3.905311470773418,3.96673079684842,3.1282780103229415,0.8395566355090386,73.28130408118875,0.012357621030737093,18.896178486966765,-52.75023045864509,794.7211345495119,40,pseudo_plastic
2,3.9304869596359047,3.0041592909540182,3.4474451603158305,0.4184804368770607,148.64032978067428,0.014532696195509828,9.916422551458542,-291.37356708999823,847.3025517891331,40,pseudo_plastic
3,3.9452971546104534,3.71663963129088,3.0863683057641196,0.5871077282874024,132.2407038973082,0.02843663722487812,7.312865528166399,-180.89822773533683,318.3795606124046,40,pseudo_plastic
4,2.405836356909106,3.99968008654585,3.0621811214483157,0.9054480859796947,137.5100991215824,0.017769817241612425,17.973095604308753,-665.1469078675902,489.80560575960334,40,pseudo_plastic
5,3.43314172636998,3.3908940880909846,3.4467032296557063,0.6692271310016384,184.9904942683449,0.010599173098996969,10.752424616420024,-875.1106363555155,171.82104378240854,40,pseudo_plastic
6,2.761934895231673,3.4647490199049997,3.4564730684452716,0.45040336458176977,199.7639662715862,0.020581170811889517,16.855676209540377,-573.984143235094,367.7051545122408,40,pseudo_plastic
7,3.702279815116645,3.076234210071393,3.1826421611014313,0.4828249995629152,68.24458109487045,0.007354927500470173,11.714306376292402,-753.3171661626741,482.80963825350466,40,pseudo_plastic
8,2.982152634678706,3.1079641574177734,3.2747486384653635,0.7736748115797861,140.71700641969375,0.006389512190129703,8.849280068280267,-131.0463265502591,947.0015534609257,40,pseudo_plastic
9,1.9773366721640402,3.6751354258873326,3.486890051398338,0.5171730025048045,132.76307725269444,0.013353725788951859,15.624054749497736,-822.8120878715251,986.49998403924,40,pseudo_plastic
10,3.2172343906743306,3.6207578184041935,3.2626520956801457,0.4056137393469411,187.42891197075411,0.008309825860915289,10.88908686785425,-744.2878770121642,985.1164325568869,40,pseudo_plastic
11,3.329205731689958,3.2458144005890057,3.4377022052201074,0.77739013592879,113.31354446832458,0.010223012749330785,16.08736155494146,-727.6417559746127,346.2810407565292,40,pseudo_plastic
12,1.9892147169565226,3.522365567739679,3.383542198644861,0.9116988600835807,156.23318146300466,0.014984039113329413,10.863134060410228,-938.0222758133606,465.8041341265515,40,pseudo_plastic
13,1.8704058511681674,3.629205215475551,3.3178272562077176,0.565908917930318,152.62061911707812,0.027380343259180442,15.494367740135246,-285.4495694547817,388.4164572492001,40,pseudo_plastic
14,1.1375002876717473,3.8687612805196765,3.1167617781810035,0.5542112959120246,52.11370368957362,0.006714381762910795,8.692477575043817,-684.7234759614764,102.30987103338671,40,pseudo_plastic
15,2.4876240523323774,3.878115668374007,3.2159150141675927,0.610781378618121,155.58209744882046,0.01052992523358914,9.517355158702504,-213.2499575741681,989.6871647855087,40,pseudo_plastic
16,3.059712393475529,3.7563604079263127,3.131432502029604,0.8453907173887243,179.6807959022792,0.021974074677315245,12.623257619511648,-310.9828947323755,183.61388538580513,40,pseudo_plastic
17,3.8733730307390952,3.567805575208314,3.415958686888432,0.2515884119234829,119.17030777883551,0.009147591297401517,16.73823242386417,-207.5463750480243,266.34134695984136,40,pseudo_plastic
18,3.3779179792711487,3.9853686889492397,3.297738011981863,0.7393688059707026,56.66564623589881,0.029688710115300977,18.5130795461999,-692.0544979610713,143.1787592889271,40,pseudo_plastic
19,2.8656170074981477,3.9839057929648454,3.4728450942712503,0.7155192222456757,168.07656724246806,0.006342755983040209,11.689607072339435,-661.5109493608138,533.3240494093292,40,pseudo_plastic
20,1.1117178487822599,3.995586387287181,3.40242135862196,0.6887459702289587,127.08328439074631,0.01229155395984151,17.630740439627825,-854.4100036379403,945.5496848459076,40,pseudo_plastic
21,1.901942580105478,3.577502429353118,3.0142951723052196,0.36163534847533574,171.40993673007603,0.024303507168455855,18.373929052800747,-233.8913518384271,609.5006779079858,40,pseudo_plastic
22,1.5596589677685693,3.1563246192000345,3.4497546418068605,0.6744457190397244,122.30814071463668,0.005883421352300803,12.766708794553699,-452.4189687268073,192.29597830411922,40,pseudo_plastic
23,3.806968170500414,3.0200835954196306,3.2310810369293477,0.753970408101225,89.14709714879217,0.014439886927991856,12.577372488532731,-125.03757502485712,306.2205872499646,40,pseudo_plastic
24,1.159758063755206,3.778884921874062,3.236447036976937,0.6877117697315069,121.95909025123953,0.014350199446517185,19.642712737023555,-407.11273338790295,948.4666667384299,40,pseudo_plastic
25,1.8406146217982164,3.991831352289511,3.4604650040839737,0.4281153085891925,147.12225145555516,0.012896710911522148,11.51052171978153,-968.259708213262,829.3571079908493,40,pseudo_plastic
26,1.863559967766394,3.114144650646227,3.359923016552826,0.7375984031960159,180.4813418392911,0.007964522913553155,17.324893648475033,-38.08510233775576,782.9595831991467,40,pseudo_plastic
27,2.607728732619133,3.133159701450713,3.0691130513535896,0.8116844907413279,85.76770148044119,0.027234640625021338,15.747064171904482,-410.37245164413616,906.0321334605334,40,pseudo_plastic
28,2.8108829348668607,3.095153419320906,3.4164572787737,0.7678366602309017,76.13596419410698,0.025816561762459146,8.42230056866547,-846.3364328340712,520.7637140226177,40,pseudo_plastic
29,1.3957966850523165,3.0000518524636557,3.2570918525805714,0.44796951923105,105.75502178581925,0.02389398137966869,17.014680484561573,-89.74167974640432,824.4951894034526,40,pseudo_plastic
30,3.653132582701982,3.0611179015893946,3.4330371123550067,0.71961767827066,170.13541855030633,0.0072281428699457854,13.542635870695898,-68.92010357780612,392.70443731208564,40,pseudo_plastic
31,1.5259025939801814,3.738007222817926,3.1268364316822526,0.6600364311720965,63.266090496535895,0.019274475764131462,7.398714485620088,-879.6038087437012,69.00601354706866,40,pseudo_plastic
32,3.5813612431602544,3.685652301120838,3.261061356193457,0.7881087254924269,185.84894825134236,0.02001133768165428,6.979020599064952,-648.0282003307362,732.1507252219279,40,pseudo_plastic
33,2.130875885728571,3.074139321180825,3.159700377512687,0.7976095751854227,182.5165830881891,0.027163954688489048,9.337656493552801,-123.8954351142064,922.6908045403192,40,pseudo_plastic
34,2.925438887884393,3.3466616039761226,3.1102329227045606,0.5067342675137334,92.82646223402682,0.024499912183774335,10.695399970063255,-703.52845633262,875.5258957452543,40,pseudo_plastic
35,3.8996086042999787,3.916513689219615,3.1334758214311,0.3193897509366376,59.75799152715585,0.029875265520795818,16.917997848708623,-967.9388210336114,57.28362352725767,40,pseudo_plastic
36,2.9437495118164323,3.3040219608805512,3.484834500478648,0.8162181919622992,181.27193897194536,0.029437000542044848,14.399997747744784,-604.4258524245565,534.3319207187353,40,pseudo_plastic
37,2.214857508443157,3.6307583021942857,3.1065678899586118,0.43738831716631077,126.5907894524467,0.024959482200460858,17.423602179373606,-749.3136889271005,58.95547270601275,40,pseudo_plastic
38,1.7474186956438014,3.2098311502613464,3.404019187296731,0.7927835900720313,133.3220253056536,0.017453711022040647,17.526853202676627,-705.2582907451642,926.8073417851642,40,pseudo_plastic
39,2.8034570475282994,3.6364959044614062,3.3557118617803625,0.5502232991793514,50.96052296787949,0.019364954184626585,8.065154149850807,-230.77889739108025,403.2707285649716,40,pseudo_plastic
40,1.6736600404981028,3.277941731256768,3.168782491155683,0.4306718010302759,119.53641927145617,0.007178640614388268,12.039366625271903,-786.7495590561248,730.7549281891173,40,pseudo_plastic
41,2.4355661345725705,3.4133173727866475,3.0882908557790545,0.49974326589210705,55.912391351185676,0.00927297455983657,11.181159448004257,-224.56561059688033,438.56454342145224,40,pseudo_plastic
42,1.556924905895685,3.8718723787760023,3.3841619144203037,0.6191304481266691,77.30586162295143,0.02012658478139905,19.231064481270476,-872.0034409396565,391.38447293651564,40,pseudo_plastic
43,3.991295217215439,3.501707623980767,3.493355921943368,0.40906007490907237,90.62228124698095,0.0209532841134668,6.438903291225337,-429.7524895286034,323.64674219560516,40,pseudo_plastic
44,2.7456103247989123,3.67254110539411,3.4224793060768026,0.8411192048338806,106.35497244357575,0.024686799269595477,13.269451715276334,-663.906294938789,934.7176728451212,40,pseudo_plastic
45,2.611885160339538,3.537730370416863,3.4396410289030985,0.3517447866414636,160.96022481971846,0.005225000418058511,11.730467097669836,-502.5549295328718,745.0282840140738,40,pseudo_plastic
46,2.350486128971567,3.386936446223628,3.2995212975265567,0.7402858007986589,80.89161004331794,0.026838430446966672,17.2837168784638,-986.796365757189,750.4244550799953,40,pseudo_plastic
47,2.2198907475530865,3.600849631204719,3.360198176430008,0.9157029658926161,178.01896957892023,0.024271929820750555,18.268765609963076,-90.76974412121763,394.5424134124988,40,pseudo_plastic
48,2.6418946057650667,3.0341044454547683,3.210690541830746,0.8146201020002819,95.60885254706163,0.019125252780205687,15.183606025574607,-528.2641634948559,4.452024001208471,40,pseudo_plastic
49,1.3191110811648972,3.8909450593701513,3.1094878049161094,0.8358232483871947,56.12433801653987,0.014709460430408067,15.731360838184985,-494.6163305328348,378.3735063423413,40,pseudo_plastic
50,3.5937332175481185,3.644861729207533,3.2729943883988972,0.5491027028967848,183.94658924044458,0.025363913542246163,6.835068426752538,-73.80622593454416,589.4940374863403,40,pseudo_plastic
51,1.4471828131265743,3.3959488258382002,3.292144173793238,0.6555468722480169,167.4089253307793,0.01061860376844461,12.969927855466139,-401.29471242606644,921.7521546109904,40,pseudo_plastic
52,1.18052672532931,3.52134250154052,3.0470277442979863,0.7322010891901655,155.14211278405017,0.005520837672009767,19.25195924720766,-168.37469480231266,208.25389691265596,40,pseudo_plastic
53,3.1571095109388754,3.7055451448154253,3.2000900380432906,0.7439431914175031,53.064390723919985,0.011993801234339824,5.7003989004497075,-195.63590049530683,13.529919720903363,40,pseudo_plastic
54,1.312394264056354,3.1293991733661066,3.462636715806,0.3675169365410106,176.105360629602,0.011555432667291546,12.490514656816384,-807.3172538172469,212.42204141893177,40,pseudo_plastic
55,2.6163803787079365,3.299862830041745,3.4453099381133314,0.8819484563403251,97.15940404645212,0.02287661854757924,19.068268395622347,-510.4926043013104,544.2781470559719,40,pseudo_plastic
56,2.774478487921491,3.269213706378898,3.322043057460919,0.9299756402221485,195.26861968353575,0.01790231460711382,13.24110278740971,-188.22568289813637,458.5982227680759,40,pseudo_plastic
57,1.9260504078037735,3.18442829380464,3.38087751994943,0.8559993714346438,54.10985618593716,0.009965028171927171,14.001001617190123,-526.0105339465067,523.6682146686528,40,pseudo_plastic
58,3.090870169390883,3.12666729315355,3.009387523425873,0.5378956951205698,67.64375530982667,0.021504668220850967,13.032220988513693,-623.3466617311798,236.4108120254687,40,pseudo_plastic
59,2.754110056876235,3.03658085348587,3.16935677502145,0.5789511947363437,111.31947484173571,0.011245592921200073,18.96677772804535,-347.4887098391989,23.8369172931792,40,pseudo_plastic
60,3.6939121361345024,3.6382192852863957,3.15239993035068,0.7990341937233473,188.90151357948662,0.011526155693770449,16.166084371698034,-991.3167726946577,162.43113647423473,40,pseudo_plastic
61,2.054354682068063,3.4142773222148577,3.0005496624778787,0.5774905040456938,161.95234896800315,0.018954753638354704,12.659561771923443,-519.9401888760276,690.792667984416,40,pseudo_plastic
62,1.2692556404345443,3.5744654517912453,3.137872512057115,0.8541097476877408,110.67265592538419,0.02577624778942315,13.750011177007714,-81.47472918518667,328.31063651010874,40,pseudo_plastic
63,1.1487539813158376,3.201849872117782,3.2900185811467066,0.8370365484182992,164.64872211981663,0.02593473849343099,14.586796846890323,-187.7371011108305,131.98385047482202,40,pseudo_plastic
64,2.0254595676628115,3.6919944997041783,3.364407352918163,0.25849400211903173,122.11415348293244,0.007704452509814888,6.7312808580045145,-19.929336641398436,600.2799837393501,40,pseudo_plastic
65,2.9622141657478496,3.420447473773016,3.0724420153351506,0.9439290173033124,161.63725828379714,0.009638776061587095,15.773309832133677,-795.0407915315443,693.9667201484376,40,pseudo_plastic
66,2.586233655630163,3.098736806460064,3.0410984686294213,0.5273895538336099,102.83906433394583,0.0289217295251675,8.784383932455137,-541.1650373741188,120.70021075485218,40,pseudo_plastic
67,3.606988290183171,3.6819452402616197,3.0398482014089963,0.2927201628846597,99.74075840675064,0.027519841726554778,13.454754672416644,-598.1144398711327,6.773785302237119,40,pseudo_plastic
68,2.420621043541122,3.641129102322572,3.2345673218902604,0.5954045115185718,193.18951290291886,0.005059221993282346,12.527986661939071,-491.69591747193164,851.6300369580881,40,pseudo_plastic
69,3.552133619276586,3.4660069003776415,3.2176725199085046,0.30410233666512426,144.67193791470015,0.015398643641135943,18.248877479639603,-594.0824099247563,224.32860894468598,40,pseudo_plastic
70,3.966429518909484,3.5430101579899844,3.341062652423538,0.33882398307592154,101.70379613519196,0.026136563769477743,11.36092860714214,-483.52165580684857,283.3254726922836,40,pseudo_plastic
71,2.79464866135082,3.9899662960792313,3.2211041796925284,0.33554208341916447,115.85619179932931,0.027875695370756338,13.977862068911385,-580.4277302136911,793.3514295596981,40,pseudo_plastic
72,3.031352700438364,3.7667713485375542,3.316934918341429,0.8325907704650164,160.69724117680144,0.02338695864047588,15.111809607340566,-14.305576751610943,222.2971825958818,40,pseudo_plastic
73,2.1102816689338377,3.279492561059786,3.172820718014296,0.6264538108014798,76.07729583083037,0.02762204831697524,13.516729205503616,-638.8587444713189,837.3276903322335,40,pseudo_plastic
74,1.3469134932483537,3.2625144732727924,3.256763163990339,0.4249063362329413,96.86422968677698,0.01652991036517314,9.826725846869534,-343.1556341512992,343.30847946651943,40,pseudo_plastic
75,2.1211795316820474,3.1912892206962167,3.0834700095891616,0.3902837107081252,50.45407343637972,0.01917865096599792,7.749723139212844,-375.71163009509496,146.95932727572557,40,pseudo_plastic
76,1.1745242750727387,3.3268520092786766,3.4761131527071925,0.6613566273088096,191.95122989301845,0.01617922317602637,15.873117201849759,-782.8611771136393,861.9215517739256,40,pseudo_plastic
77,3.278983977798425,3.3457023822026,3.1807064805401275,0.7445630964329892,93.46503939656557,0.006592613146329878,11.470431426570364,-645.4705936933126,507.35635966146384,40,pseudo_plastic
78,2.488926517554944,3.210168740235808,3.3438654092021505,0.3507061793790919,125.48388438846418,0.015764717695041012,14.750596458234638,-109.05674528945019,117.01250967067868,40,pseudo_plastic
79,1.002615969412852,3.1007455428512385,3.4958433065277803,0.9281643761212939,192.63004488110917,0.015916656765650385,5.482626875270034,-741.598648393867,538.8424543472302,40,pseudo_plastic
80,2.87857937780245,3.487273741105046,3.2697672441353642,0.780059793662636,77.13072402379804,0.005988879395415277,7.075947577242573,-724.5854183771202,552.5174160612552,40,pseudo_plastic
81,3.5134033000014138,3.188075102844622,3.0328931661865672,0.643155945998739,105.10364934332188,0.015628137148603165,8.135640965990556,-250.78404039276074,979.8922344841661,40,pseudo_plastic
82,2.085905098893955,3.712633961568291,3.0961581394958175,0.4215072023965949,138.42640491916882,0.015660292147848285,8.600226643288307,-974.3475003431316,724.3773360506473,40,pseudo_plastic
83,2.8142791415473387,3.565758252477032,3.4584818276187197,0.7012079730204862,122.60240916398075,0.021352487923488893,18.59502711158321,-79.07152726414927,232.98513440155173,40,pseudo_plastic
84,1.9491222930576482,3.146582232236893,3.4125600645655165,0.5980296044160793,109.7528995865029,0.02169298368134812,15.707484563931182,-190.16261474737053,226.63698502381507,40,pseudo_plastic
85,2.9543209525366896,3.6716781250332433,3.267275552339323,0.46359185183567997,133.55108902082992,0.00747734069615608,12.922683261281625,-355.02842298334826,206.99891486569334,40,pseudo_plastic
86,1.4277701248185526,3.656475468934285,3.0440916364121122,0.5238403689984721,151.90746422140188,0.006285650364677349,13.955636663899165,-720.2836931260049,416.79832431326923,40,pseudo_plastic
87,3.364273232390625,3.4945107486720213,3.082218671761403,0.6991025241154548,112.45603058201607,0.016398334734661308,14.360472366604569,-729.799564829405,646.4675109762838,40,pseudo_plastic
88,3.650427853086555,3.938172981830529,3.263281954948038,0.9492638686861691,102.26463666770366,0.026244236119422903,11.626212554509326,-60.20529542118652,868.7969905514834,40,pseudo_plastic
89,1.1261512085420244,3.633149556484414,3.3500258535721743,0.6544284133920102,66.12872916749082,0.0297576454657248,15.168827245123914,-338.3506001195843,256.0432369130371,40,pseudo_plastic
90,3.1121958500715685,3.66936822619759,3.2937610303976346,0.8739893050687766,131.14269646432905,0.010935862721202238,11.25581864862496,-906.1759624451154,151.2620228299838,40,pseudo_plastic
91,2.2501357640226267,3.95794009684068,3.4756808816555305,0.31567334187398804,96.12970269383288,0.015562739860799518,6.184763573006919,-11.020709829488055,650.1947135134553,40,pseudo_plastic
92,2.6311289474290485,3.935074316733962,3.310779643755826,0.33498027684600684,123.52682980407941,0.006870733412855332,13.058401999711366,-426.1739507474474,763.7730429402466,40,pseudo_plastic
93,3.342418023590442,3.2646898906780324,3.1772858463274165,0.6128524529008296,70.36875615523593,0.005399157672267861,16.602457476054358,-642.3112869695944,670.2580679220772,40,pseudo_plastic
94,3.2557830333678384,3.2802316578315356,3.4344562209013256,0.497406663519193,54.8688722086233,0.008900575044734977,18.105263091367117,-396.107197473749,432.999172881138,40,pseudo_plastic
95,3.7346527725657017,3.789889456796272,3.2397550587504864,0.6996590687057236,127.96511768189292,0.02777344578286844,16.631850745370233,-983.4612224048074,811.3423932501998,40,pseudo_plastic
96,1.960708337179187,3.736378402203881,3.264703610228828,0.9381121849509038,63.079104964661376,0.015423378709965272,10.239799149174992,-513.0758348511059,965.7314697007057,40,pseudo_plastic
97,1.6192832797567267,3.6627672795904793,3.332481754813418,0.473958032672221,79.53550600884607,0.023342135324496853,11.037488403377992,-345.48330302503996,577.6239875825903,40,pseudo_plastic
98,3.7698367669562356,3.381601802843345,3.0496793260135813,0.27106841532072107,78.80057718273987,0.02092010258048141,8.310767604009563,-569.819433268972,11.701701008009003,40,pseudo_plastic
99,2.4325993815074276,3.0167737797706415,3.24262346189014,0.6414390764401232,126.12350048157529,0.022264972527245394,16.2466518068609,-462.614531908785,777.2714010644635,40,pseudo_plastic
100,2.906843480180663,3.590365768219765,3.0974733859565484,0.4081865512199009,145.17303099630652,0.011752843643239475,6.262882721005311,-315.40673227941056,866.029990196653,40,pseudo_plastic
101,3.1366255140918016,3.01205440473179,3.227893222322803,0.9399581865164269,120.11011659802836,0.019246962773337196,16.883340461513107,-32.214365714284895,831.9791589787059,40,pseudo_plastic
102,1.4939553450985121,3.6596949071474247,3.388008791552359,0.8499774077583169,63.91609136750689,0.026472719048576406,9.311241176516527,-144.59537507671416,424.6583396006814,40,pseudo_plastic
103,2.106824696690213,3.6959107775699707,3.066682067861156,0.4053860283954184,113.96777445150327,0.015338599428526872,5.641650025463443,-56.406839398701095,462.5000040406578,40,pseudo_plastic
104,3.2727557438679886,3.683274485137752,3.028536343473096,0.8310250153376143,156.1772965982439,0.013206162620124973,17.67424172609308,-742.6530701651363,186.021024374589,40,pseudo_plastic
105,2.4575388257415476,3.7724687198480464,3.282603151501993,0.4766515759271357,178.86307708637634,0.026197266267617616,13.134209103805198,-657.0760294016693,80.85708056292042,40,pseudo_plastic
106,2.551991793715089,3.5306298755214405,3.352515637208487,0.3429370808163605,139.99337120098778,0.009812159123823636,13.596648646559505,-841.6795752033503,114.4665287176451,40,pseudo_plastic
107,1.7801438744928655,3.323929673065415,3.435657658135669,0.7950501248282795,141.71014340044928,0.01031273132551153,18.862150792470313,-778.639217032392,384.83591264832955,40,pseudo_plastic
108,1.7327277119043762,3.235120383448722,3.480620073743856,0.7461984568623579,62.091909401477004,0.022023323905468233,5.613337128252521,-137.27366974043036,537.6879637864259,40,pseudo_plastic
109,3.7090334404307788,3.9067489070817123,3.3427104606010887,0.36283941089639765,146.59789928125713,0.005400650866834728,5.9746790386438136,-803.9193773190352,97.09277793992858,40,pseudo_plastic
110,2.8367677998587224,3.2909142238984246,3.3198914407122437,0.48163712385892266,198.77027262757574,0.008532058865471518,18.83700160422927,-23.90589035482401,66.7425423433358,40,pseudo_plastic
111,2.9733448817116988,3.7649543621228823,3.149616899977515,0.6827871578729477,132.19975122094024,0.018106922765175164,19.28654833267526,-619.8165329436674,291.1031897009678,40,pseudo_plastic
112,3.163914370530126,3.0856263634323597,3.1707493386932244,0.43615406993817274,112.22076525750069,0.006944014947807875,10.345144736467782,-99.46832048660258,472.21261061215677,40,pseudo_plastic
113,1.6544474674544833,3.4563150551171127,3.0953220276718696,0.29883372941596975,132.88173307334355,0.013729153777578572,5.286529337159733,-450.88621523133224,324.2157591738686,40,pseudo_plastic
114,2.4803449856431508,3.7230966224508033,3.410567652594029,0.26986220116258264,181.77253981113375,0.02828506461795379,8.217935467884098,-209.45402570031683,991.1728834897879,40,pseudo_plastic
115,3.6786730689516336,3.389245002435932,3.020748373999341,0.6030528052464398,133.9765749924839,0.008428937385223528,7.165845477694717,-210.9971755673971,754.2103698097244,40,pseudo_plastic
116,2.596735543859629,3.9205339967599375,3.2772611271551324,0.7332633971078553,165.18089756280045,0.025055485703424085,18.213624607195857,-626.850446524883,882.5726127263769,40,pseudo_plastic
117,3.995763869652788,3.428466930559746,3.0111339542081716,0.4516263012972798,163.6695664376311,0.022339249840453667,19.68051384959869,-797.3939075438119,47.73476307431305,40,pseudo_plastic
118,1.9994756386010943,3.1139571671752004,3.3658846024984297,0.7709883332878166,113.02231936521613,0.02110126220689369,5.204007750533978,-858.3463827793007,574.5093645810659,40,pseudo_plastic
119,1.5483895606154343,3.2183601598491745,3.3213869907130973,0.353397760171856,149.5463161897352,0.007645633857625711,19.98128178868746,-585.4545548622631,878.700990602624,40,pseudo_plastic
120,2.4481467010115465,3.84496235413856,3.1088013751894046,0.7512649597213686,131.48347766052999,0.010754641523186885,5.223240647580646,-586.8399892260807,643.3979591797143,40,pseudo_plastic
121,1.480282778063374,3.3247051328897554,3.176804925810206,0.37550198404017054,79.12039344830808,0.02931030114661519,14.98017971953446,-67.21267826506914,924.5275231395543,40,pseudo_plastic
122,2.0671774690667877,3.6160255037524713,3.49987373563189,0.5739015384051254,139.29275999231868,0.025539462530356275,9.591599030653555,-566.1432436286775,345.77044663569507,40,pseudo_plastic
123,1.8546059410405396,3.8922219952979384,3.059463309774443,0.6904230261983846,149.0842180462355,0.023607885556307183,7.767661079072182,-915.6756331047121,119.90738309782647,40,pseudo_plastic
124,1.1219912422752394,3.8952415282396307,3.3354782603909054,0.7227024700766072,146.86343620394968,0.017731516441791995,12.902913374035151,-58.45327689780345,565.3609443640837,40,pseudo_plastic
125,1.4528718683674409,3.808642997348585,3.061427377469418,0.6803992699910386,169.13873723719502,0.01903969885140437,12.696801482896653,-461.49993553318905,737.0415044573109,40,pseudo_plastic
126,3.313122436432738,3.613330831345942,3.0525855554498778,0.8015592790024768,192.2172533953934,0.028622469859654182,11.071527695450119,-329.3972324840312,548.293098746501,40,pseudo_plastic
127,2.593854259794914,3.469724095004842,3.4193785935433247,0.8229559619561253,165.36255699167816,0.01874534511147586,11.640196851621814,-812.7353781603321,761.2130284789506,40,pseudo_plastic
128,3.2388598285620387,3.5582925968835455,3.251062852213733,0.9263327682016566,102.056723256459,0.005782165571362412,5.378253264734152,-949.3385059476611,234.8597085522099,40,pseudo_plastic
129,3.2848505900942246,3.783554376114687,3.1076244473303634,0.933252489344484,180.1286995134603,0.02908644805895033,11.178956972375861,-17.118826772588818,468.99253575580076,40,pseudo_plastic
130,2.3142964336879337,3.8979447473946354,3.205603175944819,0.5591192671092041,172.07787047615184,0.01642359093731027,8.679103167817335,-94.34554170025979,649.7082375454,40,pseudo_plastic
131,2.342883763313822,3.7094708707007733,3.0518550999869225,0.7304737060982742,176.31868261675407,0.027113494139248833,9.236798205204604,-735.8510736551669,827.8417558945949,40,pseudo_plastic
132,2.3252974574023417,3.070674736588593,3.4925415797618777,0.851225841881601,110.19513758690087,0.021270484159977083,7.522625193345481,-467.1455910231233,112.39404051811947,40,pseudo_plastic
133,3.4765529955786656,3.679125178000267,3.1027079093872874,0.7580972964724227,131.8358258888518,0.021017334673788406,16.966344242295648,-809.1005221113817,839.4739975288218,40,pseudo_plastic
134,2.3879087965363235,3.0454045284816393,3.1250413980052403,0.721536269166725,197.11204233625446,0.023737144050514917,9.65125363346794,-612.1277701362417,982.7359773226053,40,pseudo_plastic
135,2.168532545378299,3.5329498970083915,3.2282130850197803,0.5320403600749788,180.98530015904686,0.007068769071862688,17.726199985160576,-821.1604620797121,74.42319516683229,40,pseudo_plastic
136,3.355160724082466,3.8598963702174194,3.1542432541422074,0.3179606460931062,109.01173987281791,0.01843986000414253,17.623478902299873,-577.7127444244504,25.247126369124263,40,pseudo_plastic
137,3.778778141694631,3.3593182520422316,3.4826177806591696,0.35988951607792485,72.8866065054992,0.02268316163961044,12.172535275374027,-501.8316739367247,71.11372033248652,40,pseudo_plastic
138,1.4139500267634957,3.1986505362246014,3.0712356500301183,0.4787109852027126,150.37322369296902,0.022442751175569743,10.483016158543403,-673.6946219188501,936.6411751044961,40,pseudo_plastic
139,3.5056606722300465,3.8899014517185786,3.2849190221926126,0.6580319974492157,83.10010153089375,0.02946352926786694,5.552761018757161,-839.8526780057482,890.8029385149092,40,pseudo_plastic
140,2.7369055952597696,3.835194131519618,3.158594823889693,0.3057775721272279,106.78012554178096,0.01989265848708406,13.933387803806077,-574.4206555620607,356.33586388422725,40,pseudo_plastic
141,1.934382983889396,3.07985958084613,3.326008716867198,0.34865768166250516,191.21988999451818,0.013015143354303704,10.133126518065662,-522.9166644507745,133.28555741854402,40,pseudo_plastic
142,2.1594140352711833,3.7192137458687884,3.318575212842772,0.8269221110029348,53.72592063839205,0.022819820591389116,10.99440408348319,-443.40107949187734,321.263440324442,40,pseudo_plastic
143,1.9191436007471663,3.0880375162935416,3.3400649354216068,0.6726438285721525,190.1366257986448,0.02026956830113932,7.884112120806705,-651.1442785470883,270.43855633265747,40,pseudo_plastic
144,3.9185994619521543,3.913061935064151,3.040678421509822,0.6945351853244972,112.86227888490166,0.012242342088807668,7.601346524144466,-45.36935075410827,14.647082635069399,40,pseudo_plastic
145,1.7126804199488679,3.260157023070365,3.230206035860332,0.5457471125086848,91.69620027303516,0.01622032522755512,14.554244731477809,-688.1718827855111,341.6827961463548,40,pseudo_plastic
146,1.7191039384168727,3.231688301882238,3.19236102778105,0.2528914011061416,141.1613110190081,0.010364946705848123,17.908164543937414,-282.06372281019503,914.8172744907903,40,pseudo_plastic
147,3.105849830119878,3.4304824936195866,3.4361738011120777,0.4155903540432365,136.92334581749606,0.018300350140400466,7.68610427075123,-621.4163515598932,511.7497403190342,40,pseudo_plastic
148,1.3623844619756467,3.40165428857483,3.2263765938749547,0.8832078857858329,142.18431139855934,0.009677893050440816,19.767041917157812,-256.6494577469316,773.939498196641,40,pseudo_plastic
149,3.3515953197199257,3.2551325724682325,3.0876004095494953,0.7024806554412295,177.3843368279389,0.018682744378225133,5.426447731523921,-385.2069221735685,669.048587667161,40,pseudo_plastic
150,2.7288827687216504,3.426384497118639,3.4278326981607354,0.8223839913715283,177.7556633502817,0.026384975641633748,12.810726001872805,-954.8732477793219,943.0377638034681,40,pseudo_plastic
151,2.5159821353841565,3.8388559377293494,3.0159885097007844,0.9076030701643942,57.144805745577315,0.021403183449573517,15.24707177049685,-842.1973597755871,998.1977099980538,40,pseudo_plastic
152,3.0562960644211508,3.608002870058052,3.1199795599539217,0.8800453603594792,103.8296308368244,0.01387173444026472,14.490598411643196,-414.79875692250107,959.955596420662,40,pseudo_plastic
153,2.3733581336240017,3.0316902262311496,3.0386892518747777,0.4014780764900192,150.85320254968542,0.020617747295328424,17.173444551232897,-943.1408227618872,625.3794938006595,40,pseudo_plastic
154,1.751783024763387,3.2943051546526565,3.189114635663582,0.7665164792891255,71.53961378714087,0.025026488054771957,8.28287311549411,-903.910466075894,30.43480485261005,40,pseudo_plastic
155,1.0755525074659982,3.6550155940298064,3.3542796894473077,0.46039634852764155,192.80383044869828,0.021610177812796755,5.45484399688675,-814.533096054138,78.26885351964629,40,pseudo_plastic
156,3.8348808079332497,3.248079907042352,3.390962063735297,0.9402591288791537,52.098155603426385,0.016033508085862243,17.570380804072038,-216.7654949280634,211.70436675258293,40,pseudo_plastic
157,2.7215181551737455,3.0915724570335033,3.2068718519388404,0.8946037428895691,148.3222700229943,0.027051660839243315,7.960200287484902,-920.1241737618708,274.82559443916676,40,pseudo_plastic
158,3.1863313161497517,3.790344943439729,3.1044949212109048,0.646055631362022,64.76239250491491,0.010125494623339597,18.80743182104839,-837.6392188487495,28.942819714939358,40,pseudo_plastic
159,2.2452169632581174,3.6482602910001334,3.181331692565258,0.7635272899756788,161.5047431721103,0.016337412465712926,19.175859958541707,-751.4968721035455,518.7937982401163,40,pseudo_plastic
160,1.6496281356340727,3.930476087903348,3.002505246090122,0.5995812158699714,115.2901270178281,0.02793064244280585,18.298484488196735,-332.3991337139132,806.8199591901803,40,pseudo_plastic
161,2.751929791801768,3.144455905589899,3.275446808504839,0.7841874942413546,96.64884145971114,0.0051048265457830306,11.495920282679158,-913.5025314222147,785.2495206531555,40,pseudo_plastic
162,1.1171543994988657,3.4626139390476056,3.2371805775887794,0.5385072355005962,138.68774252943783,0.005662290558195207,8.970551273675213,-772.7447378531547,781.9004226093057,40,pseudo_plastic
163,2.6215278254416123,3.6192939487793647,3.3784986250492426,0.8248651695891305,150.77280235817457,0.011473415595562773,16.670187386732245,-221.13049698951158,61.98990051993559,40,pseudo_plastic
164,3.627911478574343,3.0660301122684968,3.4114342856508766,0.34163872485138685,159.3602015969119,0.012515317244535746,19.1331505479864,-175.40905821879971,587.511556282738,40,pseudo_plastic
165,2.127175916787641,3.2411904116565275,3.190351929036894,0.3835474027471394,162.36776872247628,0.013170395866813817,14.163380931413247,-768.4244673087724,63.24676942859168,40,pseudo_plastic
166,3.249733502408157,3.978185852715224,3.1978260994010532,0.5035958601732808,79.70390058732767,0.02149875883855049,9.076115318022945,-631.207648284591,317.4326436156602,40,pseudo_plastic
167,3.084602133254969,3.1822828714081606,3.283766328407644,0.27244374658717135,197.740226744456,0.01678068438161964,6.864503836890797,-860.7607340210922,568.0822433234528,40,pseudo_plastic
168,3.9472445636326787,3.217891954289078,3.2509738104958985,0.7784882685707476,76.6150386205579,0.012601919540267556,15.263950910732296,-790.2033120705803,494.05887438207805,40,pseudo_plastic
169,1.5302951667990166,3.5547095144519676,3.0681096078744474,0.9124298411632206,185.49744261815957,0.01966744440387572,6.086079471540431,-424.2365881307501,428.66387481840997,40,pseudo_plastic
170,3.8172750695995523,3.588994222118786,3.010738399758621,0.25658105328525,179.01086075060192,0.018826707630685408,9.455874341097084,-776.837124941823,996.0644483653742,40,pseudo_plastic
171,2.6886019038866147,3.8060873865084295,3.1600045281253495,0.7296645744419035,73.67094363540386,0.024359427808250216,7.046504284683229,-711.6827433657613,618.8753822227453,40,pseudo_plastic
172,1.2122680144518914,3.710582604256489,3.280457674517123,0.7869373238987347,68.32617668456183,0.0231847367871415,17.221355621631872,-625.9981963676205,840.5596736673073,40,pseudo_plastic
173,2.6962723605331096,3.726228484677068,3.1869396715925213,0.8532100705423202,168.80183039572424,0.012447776095097517,9.567178081903137,-608.0995343136539,169.8845185852829,40,pseudo_plastic
174,1.9936324212501981,3.6988527989406035,3.124520631063828,0.7232279208414447,93.7933223876382,0.011717803416462842,19.55329256601306,-349.3480361251857,540.892479460532,40,pseudo_plastic
175,3.97281414786935,3.1401052591370036,3.060495262162459,0.5928306587675781,89.96329600992206,0.013590595998437007,16.783601297510764,-271.51250520226426,856.8800992553355,40,pseudo_plastic
176,1.397805290280298,3.8748820166194653,3.155506781170453,0.7908418624681293,104.51650526639372,0.017039002079906652,13.411219993872795,-922.7778213993622,747.1911224291981,40,pseudo_plastic
177,1.9406354283050835,3.529797318782723,3.4706395381210475,0.3303931085110136,58.173876076690334,0.02781115850415029,7.866833950914925,-369.4986774976419,960.942957073375,40,pseudo_plastic
178,2.1434398284850076,3.38586263206053,3.089892778199396,0.38729322692579604,115.42868644722967,0.027289028826253874,8.405675096738662,-26.33400893056512,20.340954266967543,40,pseudo_plastic
179,2.5243418264787807,3.9455401141338364,3.1431318359210083,0.6867874648460203,64.3584202389747,0.007531289431006473,9.711116573420313,-172.507526730246,301.29048533816643,40,pseudo_plastic
180,3.613344133598418,3.563062648355836,3.3988580331612854,0.46713237904463933,163.01222913167248,0.027663514295790503,7.997294782881403,-132.29334092136503,412.4433081956189,40,pseudo_plastic
181,1.4863646909710273,3.9320954746113754,3.115326693624742,0.46465169537475476,60.47098884514671,0.0060600421171887724,16.83275767785411,-984.9919991212417,144.21922533285513,40,pseudo_plastic
182,2.8670099623074305,3.6651097009663944,3.465634392667675,0.8467993345501738,81.91895613841962,0.016278395946773314,13.686495381855362,-92.31742327509346,800.4514559099526,40,pseudo_plastic
183,2.1722376396423786,3.378241898194892,3.1414533136923377,0.9242823891866399,176.71453815675045,0.012679279484296643,9.74671212697539,-320.6590678240319,812.9209108651949,40,pseudo_plastic
184,3.924538274663102,3.1948009084121174,3.241921386755086,0.49788024113111407,138.90372170823522,0.029135576460265333,11.931312464199523,-953.5829950109489,470.96432001045554,40,pseudo_plastic
185,1.7407222507917472,3.329194361340253,3.127974220864214,0.6498277592595381,61.493458821002896,0.01290382001168048,12.361216901711561,-351.434462575029,664.515252954421,40,pseudo_plastic
186,2.301427959845948,3.8776019413702567,3.0762435507383,0.7355699107251754,139.51934034156284,0.023946441995494897,5.832870057326722,-115.53422431709271,919.9106932764673,40,pseudo_plastic
187,1.2893440079080762,3.029258719445659,3.417232881253212,0.7268244006898341,81.62016886662026,0.006654793665734639,7.5610379994195895,-292.2632176763974,756.7541623289445,40,pseudo_plastic
188,2.2617094850455173,3.8991941113032613,3.4081573755952257,0.6054527721778229,159.57912826054667,0.013051358546389367,18.729581854703184,-655.0110701317656,703.3026106375298,40,pseudo_plastic
189,1.241469964830485,3.4818857206077007,3.2485887761993193,0.41752892900387695,51.78612266808346,0.020687100920303635,15.460154154747906,-917.8743891238884,202.14980637805579,40,pseudo_plastic
190,1.2588385809942866,3.474035628543294,3.4683184325672602,0.8912994577185532,94.22697550633828,0.028587322158525948,19.632233374770795,-766.9650909794419,909.4032160249358,40,pseudo_plastic
191,2.5703756639912996,3.205787186985857,3.085982264664402,0.326592587641211,74.7321236753184,0.01413576456216007,12.721649552606404,-179.1215134421741,786.7163587716102,40,pseudo_plastic
192,3.1105408986202434,3.16900295158256,3.393188272869237,0.4121650392902161,190.9354168816471,0.026297174452550618,14.658446604644116,-36.782042658824935,585.1435623040477,40,pseudo_plastic
193,1.9091443977288067,3.819302992043612,3.0804819288932412,0.919882370560684,82.75221089893176,0.0273367155141968,17.755783281572747,-857.7977800032467,55.677805189118004,40,pseudo_plastic
194,1.8346788687128468,3.811308166429927,3.0932835466636583,0.8650539974621639,66.66583398803944,0.024424166053377497,19.82570596051179,-862.9048082030056,932.7023452165015,40,pseudo_plastic
195,2.497162918633993,3.993325492098572,3.0843607062935905,0.6631627384302755,75.2051422286535,0.007341812459770863,12.387987288486325,-237.83014577868437,407.88424710314445,40,pseudo_plastic
196,3.854514872882284,3.1554462517803827,3.2240438349421106,0.8205272810791077,118.23786815202395,0.00640396190853504,11.814984776988005,-446.8464105371771,427.4074367820931,40,pseudo_plastic
197,3.3634103325341673,3.3501706557637347,3.35152543340954,0.6435444753821671,103.3226209903059,0.02796930318125472,10.118303591320036,-798.9435869346337,902.9565760091251,40,pseudo_plastic
198,2.3959131478285247,3.5472958937463033,3.026936781072234,0.25774984584289673,168.59305099820796,0.02651573603789878,8.905561066546223,-596.9069887363416,88.60150614000669,40,pseudo_plastic
199,1.1707704334285391,3.7012656430585134,3.0088320168996345,0.6530675752015649,183.42729348038927,0.016560975270027374,7.455954334666342,-239.16109904772964,382.0541639885716,40,pseudo_plastic
200,1.7072914521852178,3.1528614759105236,3.3074252858495634,0.5643629964905565,99.35752784904378,0.018871004204143744,8.349007254511314,-930.6638013287496,99.32527040126976,40,pseudo_plastic
201,2.8773911029149364,3.8408969718760693,3.3123671918018194,0.2891726791105983,135.28982210944906,0.01422060209453523,5.845966972754885,-197.33411855416193,334.5452773472424,40,pseudo_plastic
202,3.8668818905765203,3.376262655219498,3.1756812390540805,0.7591200511520829,84.48946937349058,0.017093029258410795,14.513322845294296,-340.0408708661531,296.40292741899714,40,pseudo_plastic
203,2.9001138004344917,3.4229169400581534,3.005776559184997,0.9467835497660967,72.56477485784288,0.02876895753460569,17.37126573590286,-247.25822281951423,199.27672387514713,40,pseudo_plastic
204,2.0113787643214307,3.743105627981963,3.2017076261992723,0.5265381396722326,178.60542387992405,0.01246286793463618,13.487788598775724,-690.035900055632,254.34780410800823,40,pseudo_plastic
205,1.4191466580014247,3.148889633743278,3.203028018977991,0.7091368322399999,140.00219790856647,0.00790700920915837,18.128979707971908,-318.5829750932503,39.9134951866145,40,pseudo_plastic
206,3.1240715005411652,3.193462190763638,3.1514525681251713,0.3927406143550145,106.53581646008138,0.023453988733516038,5.59331308998409,-331.5383530379165,516.8637959969273,40,pseudo_plastic
207,3.3860160593878703,3.4913118787989355,3.022501216451687,0.5055276279312839,50.12611034062625,0.01956863686693692,14.031999215410757,-911.0092759943914,40.01689672715764,40,pseudo_plastic
208,3.5402000129892954,3.2425251137524715,3.438100968236681,0.7056566075286403,123.92513024254984,0.016146143512196474,15.82071712316885,-138.37036305584513,952.2934066223789,40,pseudo_plastic
209,1.4602292491432332,3.1648276701025044,3.4005291510032056,0.8708626057825959,99.94518172332833,0.009502714724464255,9.487444255528377,-603.4659834596922,558.4756427201837,40,pseudo_plastic
210,2.0028383326484205,3.755957341203552,3.2336212079722233,0.8083007970466245,71.73279305417842,0.025408583506705686,18.042632638450122,-97.67255798311362,244.43856166278505,40,pseudo_plastic
211,3.3990654605029733,3.965896300462396,3.455943294103505,0.717775315717434,86.5073166918557,0.008113882653629376,10.207676937442326,-63.01801848803632,200.6125084259723,40,pseudo_plastic
212,2.8951301438950043,3.6470487534688543,3.2092532904759263,0.8626545173323992,137.1150006073123,0.016844407670080455,19.10167278106141,-151.84196535371143,871.6164141468088,40,pseudo_plastic
213,3.289846424542068,3.515397762794623,3.1839068291643584,0.4947060541204985,151.19190105345479,0.006156569730273972,6.151591271752837,-184.02289360797954,107.30848386926218,40,pseudo_plastic
214,1.3494325929706987,3.8848212534892848,3.091443472537353,0.631149950036686,116.97587705993178,0.02530651547347728,15.67657340550498,-445.8746362147094,502.1753392517182,40,pseudo_plastic
215,1.2497740567430113,3.981545808594071,3.2737413620545395,0.3020885366892388,142.71260634549964,0.016724580383130218,7.845630640560258,-409.5088619404262,479.3493920956848,40,pseudo_plastic
216,1.663872363465478,3.5274600702247074,3.0545918790685356,0.26329590331822833,104.25536628448958,0.02311074466901668,15.318856569925837,-84.51808715339166,696.11079710216,40,pseudo_plastic
217,3.75535379307549,3.14263178428937,3.1443456332213056,0.4866584798062179,197.37330800946953,0.014669521591039871,14.853577552032974,-904.8731479277967,123.24982479632185,40,pseudo_plastic
218,3.599248285183898,3.592933930710179,3.0276923992458813,0.3733246366688679,130.72884526940712,0.0275581258650428,13.395962267272543,-617.034849913266,269.9244849964594,40,pseudo_plastic
219,3.1900443038703576,3.551904760831335,3.0586477694778944,0.868165915675676,57.44994837342019,0.021783623945287177,5.0638147991510385,-973.7788337044077,723.1648545068313,40,pseudo_plastic
220,3.7953795494403586,3.271754494141838,3.150103773871091,0.5156834003377879,73.77830492876107,0.02660405282284244,15.066566685108477,-28.940576894133187,484.9081041935759,40,pseudo_plastic
221,1.0932969809265305,3.6675927764922998,3.453696524577063,0.6056956592527958,68.69107573932472,0.025693020879777373,19.02408246574388,-386.19375056882325,976.7595871894124,40,pseudo_plastic
222,3.121261183916033,3.6028181621602298,3.2048663134550024,0.4843365316570536,96.39815121885078,0.010176940452422316,8.166291162225807,-504.9393083308245,765.791038197614,40,pseudo_plastic
223,3.828609314711718,3.355225655578602,3.3491104365138424,0.6848750587910268,175.11373722340156,0.009247381248384695,6.29796330414736,-708.9948002073738,45.75312373684665,40,pseudo_plastic
224,2.0464678883071836,3.8488841253945205,3.1664122668486763,0.5758582945070442,172.11296099437476,0.028877315927263524,11.797917486389746,-21.012282118894746,240.28236410066546,40,pseudo_plastic
225,1.2296816097266212,3.0834110060498134,3.1628181094217496,0.4561894283085612,141.38026330007492,0.029358524592581856,12.251208265040235,-881.5140818197922,447.11729266245555,40,pseudo_plastic
226,1.898823258328299,3.396864446400233,3.056414330947366,0.6357802442755456,69.63870128060351,0.014623826829260379,8.635671403436232,-40.69361715304831,157.26847755168782,40,pseudo_plastic
227,2.3747854524280476,3.072018900748276,3.336253286368286,0.44309189248798136,194.53826664874495,0.02973410563871753,14.685242250037907,-516.6235609460552,292.1711541057031,40,pseudo_plastic
228,1.6112914648791754,3.367309070071555,3.394624999221248,0.2896151178511125,162.74939335422482,0.012031800455058483,11.124084489169542,-992.9895265599629,674.7806659048846,40,pseudo_plastic
229,1.9574698993761865,3.1101021142975096,3.485589571817299,0.5092630752195473,116.5622507685418,0.02189975478298752,10.305006955762623,-163.056219971813,466.0852628375002,40,pseudo_plastic
230,1.0618795511705783,3.614012561451713,3.426941679427283,0.8644626600802761,111.89299339482028,0.011648132814194277,16.31907238946566,-894.1317265026114,64.8052758462663,40,pseudo_plastic
231,1.5957111119229426,3.334727767394422,3.413649416631131,0.3294824611972023,193.8470521821299,0.005348529015668859,11.543610771716551,-765.0973870277517,18.225552430476142,40,pseudo_plastic
232,1.2083740048109288,3.6274989451982096,3.1748125309070003,0.8391960911031141,172.65849284452574,0.01141110477397063,5.395598814367594,-615.9838260168287,397.4130752263548,40,pseudo_plastic
233,3.196196864578137,3.610244788824189,3.01916441908617,0.4323010694091671,164.42043516504404,0.005910352491912666,10.435779104001522,-628.5682204162499,166.25246529645474,40,pseudo_plastic
234,1.1506431244253894,3.867083175212354,3.423599293620459,0.4553885938571498,91.71793398050912,0.029215378772744213,10.396096946470891,-560.3115549500928,644.8059395416321,40,pseudo_plastic
235,1.5836870407749921,3.908716575411739,3.0075240668753005,0.36466368468853055,109.6291675938422,0.00856717291389021,16.1230202465796,-317.2007847175273,951.444179400885,40,pseudo_plastic
236,2.3098477217117783,3.2735219214374593,3.477455934772661,0.3064658639406637,123.0989099854123,0.02356113229141827,8.00389010444088,-722.5126663060753,863.1065284858886,40,pseudo_plastic
237,1.0840615002363976,3.0486980032813675,3.4676825501997923,0.37931628617846513,120.20970791456428,0.018236762767334366,11.843217059617027,-885.1074300650923,500.0632849198908,40,pseudo_plastic
238,1.3776338133038228,3.372886107568701,3.195500051023606,0.37704668317259016,143.9687109324168,0.007837212794557818,13.800461676125366,-64.60807339938276,457.92422632514604,40,pseudo_plastic
239,1.512867796066434,3.762584509350225,3.3335819425434834,0.6141742119412954,163.1513451321519,0.02034624121656529,14.425606354403122,-336.9578413871627,928.0734856420994,40,pseudo_plastic
240,1.01864167410586,3.905824696831976,3.330693507433411,0.7110202511462833,184.33231312955053,0.0148492314692713,9.775836782489066,-998.7614580672987,570.3459810714965,40,pseudo_plastic
241,3.751883377518036,3.136926425923677,3.3133565073087046,0.747819324201078,97.78229847291513,0.005714187790373262,12.2848116279116,-166.78070716260925,689.9584347065104,40,pseudo_plastic
242,3.4987843039315,3.506082579633469,3.3742089193126885,0.7962357693407034,111.18613994299974,0.024041192613666905,8.558896881219317,-365.7899858843914,712.5712820952207,40,pseudo_plastic
243,2.7239580473502967,3.4367741290647866,3.268614170197199,0.7133680514429713,158.52764560947958,0.011088269805346797,6.354621983626985,-871.5145617593129,591.7588225763523,40,pseudo_plastic
244,1.6249237803423673,3.5728915179045133,3.025220881221861,0.5909518544373161,118.68983897850393,0.008037669341467105,16.553258617585136,-730.6500216318539,173.3689626603051,40,pseudo_plastic
245,2.0286183239026805,3.7930153338523054,3.1934683403096673,0.6656274774594091,104.64014318531804,0.011116724383575586,5.741920406015783,-544.6136594135729,497.7189143982396,40,pseudo_plastic
246,1.6707570551686204,3.3326545051120604,3.173717843924769,0.4624832543088315,134.01761466195623,0.00681724899798386,5.949228159193366,-816.8268310290159,348.1718078946799,40,pseudo_plastic
247,2.271190150854637,3.0682523202172582,3.2440530235540677,0.4392149627249574,169.9653059817718,0.023418591252612152,16.985113899430857,-378.7687464873601,599.6238534031152,40,pseudo_plastic
248,2.5055875723149996,3.228989145984394,3.048643328459296,0.49511250748268454,95.44216075093351,0.010711755377190973,16.430323827343557,-835.0628946678505,17.16536977705807,40,pseudo_plastic
249,3.8570990612251705,3.407516827079003,3.2594895056982094,0.6175095079395448,157.18570102510245,0.008386373733672998,18.141663630795172,-747.1544713700114,769.0002122289395,40,pseudo_plastic
250,2.7647974575320036,3.715971321042732,3.357516757903774,0.2689670708921265,77.86438840773455,0.02076864817385616,18.78800696167645,-83.71823435264332,154.41417330338703,40,pseudo_plastic
251,3.8491727950288532,3.827288513606825,3.4981291229793063,0.38567627931795445,159.8636951644397,0.02256011715715976,15.603201027266579,-324.55095503975804,493.4150057734985,40,pseudo_plastic
252,2.88641930543599,3.313059083955393,3.1910979104860235,0.8868912923439949,166.50928087594696,0.011341835477198825,14.070357778150802,-833.0062240047627,704.490524620253,40,pseudo_plastic
253,2.915944845358547,3.3931261264035517,3.202343476823649,0.6512174568836259,187.1139023942595,0.01168960799805515,7.518594449503281,-763.5076071819781,34.8647781908897,40,pseudo_plastic
254,3.953562380802932,3.418475394587,3.4019567470831937,0.9043624717461889,188.23006301804276,0.008673463389145113,6.200985618146854,-322.9710940788748,567.8549470118716,40,pseudo_plastic
255,3.220577438269262,3.056251562765106,3.306335657013244,0.9423456964417567,119.81366743739875,0.011255335431392982,13.76694612079385,-226.77870067711274,72.19592079177252,40,pseudo_plastic
256,1.30036692261156,3.8430723658213966,3.1178402487318957,0.4915181718751206,126.3692814163296,0.018471964384654184,15.52173117357438,-475.4942006028557,204.79836443461508,40,pseudo_plastic
257,3.544842957266326,3.7451954741157985,3.4523981449093415,0.4204677307608914,157.0656297942382,0.01756809881376624,6.6927261895539845,-25.05658261403528,581.365478730097,40,pseudo_plastic
258,2.465272381493847,3.003242267665539,3.2964766404649106,0.33977018623895233,77.9607273330455,0.015972135913752475,17.880699812940172,-496.1180943003002,726.1799270195897,40,pseudo_plastic
259,3.0160400334179944,3.337622279739667,3.021102137948231,0.3438738497634895,165.89114795178892,0.007251713773980482,8.100183066287823,-416.5765071080648,231.44848763149676,40,pseudo_plastic
260,3.6729559340685243,3.972165763769136,3.034251282921707,0.3120776939428159,144.8644798523859,0.02021898554774212,13.8251200686626,-636.2855122639185,791.5451854180052,40,pseudo_plastic
261,1.388577168872761,3.1635889425529906,3.471164902082436,0.902431650628089,190.64063775620454,0.0157257395695731,10.641801581119282,-287.0772092054217,361.35843713616026,40,pseudo_plastic
262,3.3048717406871546,3.5571106217656947,3.1356518393007873,0.8427414948460527,134.87420753360325,0.024862136913322837,19.207012649261998,-506.51615477531607,77.04633865235039,40,pseudo_plastic
263,2.9940288613103854,3.4257203570582266,3.4419515335837363,0.8717058232756306,167.84027974008364,0.013763861369462685,6.821064867978492,-653.1436098470133,138.88731396801174,40,pseudo_plastic
264,2.8540864691056855,3.12000714686693,3.309075287752281,0.7565481554542864,129.78723828755116,0.018297383294704966,12.130852175481788,-565.8912720248635,249.80111127436368,40,pseudo_plastic
265,3.6355749695092876,3.910934655605676,3.064647840651153,0.5302462134401421,150.0051360324942,0.012802900804018143,14.130670615148194,-74.34298311795385,452.26753038263007,40,pseudo_plastic
266,3.8398508644740525,3.348452685017667,3.370843134856793,0.262231445878802,88.48735009710384,0.013682739347602592,17.20375842477149,-118.94768338142899,546.2925709501651,40,pseudo_plastic
267,3.563338997011196,3.962510037399288,3.281916609783362,0.28032675490661557,59.58545304450372,0.029198820342513428,14.801956263906316,-864.2026013611429,48.08625807270673,40,pseudo_plastic
268,2.0694861590702907,3.3399401528540116,3.41401252719123,0.5219676834262086,124.57526999805424,0.020812621853210325,6.398052911602827,-737.0992602546638,865.5536404930795,40,pseudo_plastic
269,3.823921031384365,3.749371101144594,3.4300859306406943,0.3945837644834861,99.12948505451989,0.017829951025244473,19.85634582124898,-971.4287925321782,653.9827903509063,40,pseudo_plastic
270,1.1648332515244948,3.5182580851321013,3.1409751069314167,0.8028944299787154,67.14222240662511,0.011399747439095272,15.575586967390127,-198.4983899738437,354.13721699564013,40,pseudo_plastic
271,1.1004505302333007,3.0193244040385365,3.3289306575054756,0.8974217254800716,153.55171985647576,0.009327146145417194,5.006139459021135,-801.6836095197237,901.417785545812,40,pseudo_plastic
272,2.5724861987231837,3.997577927221736,3.1647248740856146,0.25485490247841525,180.61493922893496,0.010820280028356152,15.92050552517148,-850.9319708289099,779.6137498985378,40,pseudo_plastic
273,1.47087404952579,3.598992570736371,3.0780686875551035,0.5469634052390886,147.7241591963122,0.028350225100454676,5.791423777511486,-908.5036299446626,449.08056417187817,40,pseudo_plastic
274,3.723610233173276,3.8574401438066888,3.0673805662789557,0.27920097532581534,108.60499185942459,0.028818201685469932,14.61709414011014,-258.59609372421266,529.0969078144736,40,pseudo_plastic
275,3.036226204221727,3.2881815870079714,3.3774899474227897,0.5088361696891848,140.52661941053634,0.017231362044920314,6.484279662226378,-267.464665255702,551.7137678016779,40,pseudo_plastic
276,3.208497284052557,3.9281761559395596,3.4243998728350196,0.4144345592406661,101.02290102206129,0.014901644346970427,11.299036648931384,-927.8741969196383,313.1636545796837,40,pseudo_plastic
277,3.7612478951701496,3.0810101238411542,3.3055671858222015,0.7167529805448465,154.54020976748842,0.02323118024815234,12.060446244271855,-165.44091155843876,9.134288255255418,40,pseudo_plastic
278,2.236986891096275,3.9188438255545543,3.4517716671303993,0.40113737117585835,82.54896526270579,0.007681828170909229,15.40976873939943,-47.59857801396504,682.7112815719878,40,pseudo_plastic
279,1.8202520785395488,3.478695654606484,3.2383390527242955,0.4026783068170189,121.56059465577142,0.02817445034960792,7.11602643970034,-977.5583241698771,719.7706697162405,40,pseudo_plastic
280,3.4099245953009634,3.9744975219714265,3.157149622738837,0.26492051734272265,100.45959869662526,0.026932353563935276,6.779281918416148,-947.6433803444446,656.0309588707092,40,pseudo_plastic
281,1.0495584685164827,3.0145860464636387,3.156166351815848,0.331289495134512,125.82892672805201,0.02308085822618887,17.116748927130146,-392.8928924771159,855.5971462943428,40,pseudo_plastic
282,1.8793541532120521,3.9276503902815847,3.4572147663935735,0.33274384898568193,101.5085623793114,0.012999241492094485,10.968828167538554,-153.33944528764528,368.6888344547677,40,pseudo_plastic
283,3.7441304945996734,3.7580022516748666,3.4482986454258895,0.4698556371218848,185.94150289119406,0.005467543595065082,9.55324989364733,-485.54774094574975,888.9597271328863,40,pseudo_plastic
284,1.6419188717247435,3.4412928441469646,3.0655832644794345,0.2962408090449865,181.5873572820623,0.006752174484896814,19.497955282257994,-867.7301063358352,995.7828903662903,40,pseudo_plastic
285,1.503936011107399,3.038084858383765,3.3631358004555887,0.5797081187298811,196.67113086835244,0.014042008563395221,6.5577436470883015,-950.3931716716811,375.08119586833806,40,pseudo_plastic
286,2.5604358669505887,3.855909885895877,3.338841647256821,0.40961075715486184,90.36616187470989,0.022062099127235477,8.742777882675394,-760.4726298916987,968.9386043984988,40,pseudo_plastic
287,3.4923396826551762,3.8365403014419224,3.405749362686115,0.32353378388306286,191.81845725685767,0.018588069540655134,8.255748511337154,-308.8654392875243,714.8509531017891,40,pseudo_plastic
288,1.8825132080877407,3.3147838987671783,3.488379522605246,0.7421160974974452,153.93956770942097,0.008499437122193856,14.952393099651246,-571.6111582112492,981.8843045743685,40,pseudo_plastic
289,2.9489009203804333,3.402844667053113,3.425614454990076,0.6079486189694686,170.47424272911132,0.027705211034881484,10.186689828560375,-793.6843734266639,263.07504643072747,40,pseudo_plastic
290,1.6874933661052183,3.57802568998025,3.3085218020556115,0.6369251536931675,54.228586415678244,0.017629746425260225,7.705098096038572,-302.7188385023228,583.1471806957439,40,pseudo_plastic
291,1.3687568323761476,3.170359411418738,3.3296047325063345,0.6403764430614434,84.01430164553194,0.018647661790354337,13.212117413894171,-771.4103550974041,814.40321782138,40,pseudo_plastic
292,1.017079368912145,3.2851515474636885,3.214061599464534,0.6474667839097329,85.00120915218321,0.008627527272040742,16.342338144808576,-606.0184768733327,105.15230870811214,40,pseudo_plastic
293,2.27477476213087,3.040962916324692,3.2985218534761116,0.8753594296293004,184.58502226217385,0.007763329492027864,17.059182022227258,-373.43813118262915,758.4487792499344,40,pseudo_plastic
294,3.575602858012874,3.3173473867487577,3.2548252243759697,0.3688609771396245,156.5324284919022,0.01589654159309643,7.208382767804995,-456.11471665527506,788.9082160035365,40,pseudo_plastic
295,2.5545668110047557,3.408339093750015,3.0379351535633514,0.8689061115197056,199.2000831744106,0.011046814043027745,13.342434524569901,-553.4938648447951,352.475418412056,40,pseudo_plastic
296,2.6534121222668277,3.9148690284163363,3.031733669798097,0.45859524667967766,107.39950199797843,0.02560302682202391,18.557853592822134,-458.5018460530945,238.920516903884,40,pseudo_plastic
297,1.7978606396124666,3.3197953363412678,3.304685013278257,0.3137459772424942,146.20576716611322,0.024824999404794598,14.295098053524267,-481.2286036901397,975.0107063926317,40,pseudo_plastic
298,1.2006200192783623,3.6045738179849978,3.260589787446847,0.5611730956637297,149.76681653332977,0.005277210408007405,5.909712517467685,-699.1081014144424,376.96044008163665,40,pseudo_plastic
299,1.1420655090413674,3.104634566714982,3.018615254573464,0.3893712360077591,66.85041593617714,0.010095024578764936,6.3361838328372295,-886.3118158216622,555.7314538056844,40,pseudo_plastic
300,3.1426566667629494,3.8621399330849586,3.098102570040011,0.6234118330554859,130.1740405368031,0.02832165844078998,10.818077461910349,-546.1130574554854,872.533421578586,40,pseudo_plastic
301,3.131915451547299,3.812731134831443,3.19847701919123,0.6628154959885288,52.51376317008249,0.008237277662916574,6.057426526268676,-171.2694099853427,742.7573877300167,40,pseudo_plastic
302,1.0430153526795052,3.2334162572799414,3.0943050530279645,0.29462537633372654,130.01598569113725,0.024797867137247555,5.263922148170978,-696.2913165313644,53.56331885133216,40,pseudo_plastic
303,3.875043694113549,3.724206901901837,3.252917291149243,0.5347389733357226,85.5429735567415,0.016463245807891266,17.700211633726855,-51.660754576512545,557.6730767219942,40,pseudo_plastic
304,3.6604205739642115,3.7968942605369387,3.0062471772389974,0.6772234144754703,137.69625183568098,0.014483171554803605,18.666962093904296,-413.8159025534578,455.79033537824535,40,pseudo_plastic
305,2.096961871815682,3.5853896209610068,3.490011103703992,0.7705364496601708,174.39582467766292,0.024149091630080596,7.653963242435821,-788.7764313302004,602.2321712928771,40,pseudo_plastic
306,1.6027392394807864,3.651722182072351,3.361679279030055,0.7890008876658192,105.83207373691644,0.013982540065863733,17.467428629368946,-554.5274175984529,281.70354619881203,40,pseudo_plastic
307,3.72903978399206,3.4112644253503164,3.4187394347752167,0.6166076259872619,93.07734926696483,0.02953162400131241,14.834357292795378,-591.6087629726333,286.03292725588926,40,pseudo_plastic
308,1.6323917470953095,3.741603067483174,3.2252402426199476,0.5720413451588906,193.68571452843037,0.006210289683847504,9.211078777445131,-472.274739385384,636.769702142262,40,pseudo_plastic
309,3.517986124641061,3.49825838596726,3.2587574906145123,0.4388914735924092,57.91607010290371,0.020444200006081662,15.530347866637143,-48.154580112122176,221.70639962412346,40,pseudo_plastic
310,3.415336208351462,3.4489269966240546,3.043803175872458,0.4444887350460476,158.6656431719925,0.006950124121313405,19.079492672506284,-675.2759807915813,940.8874426423718,40,pseudo_plastic
311,1.3116423853011077,3.258221862282388,3.2916379993360687,0.7728359522011886,144.21315805392413,0.024170015046356488,16.52104892606338,-563.5841413222768,676.7022644794749,40,pseudo_plastic
312,2.230142501663946,3.214802497559465,3.4640530442470157,0.6201828807708256,161.13574399247676,0.009172022239347578,12.44852348253559,-158.58261006482087,314.8729280356007,40,pseudo_plastic
313,1.2249803650138846,3.5447848439453833,3.196108849835697,0.5624085897433084,61.239263704987714,0.027029638566085392,13.174538722539099,-268.43041437413297,770.4959614719759,40,pseudo_plastic
314,1.8499814954511424,3.688090981598876,3.2857183540499997,0.4669290571085476,187.99180779240632,0.010898493199953996,16.13981757021717,-468.0209451529688,480.2697506201361,40,pseudo_plastic
315,3.8829040927248557,3.1973365270093166,3.386799563781054,0.49044332920512157,94.05384875000215,0.020379060417718496,11.008233531089648,-390.54422961308603,504.06336085938375,40,pseudo_plastic
316,3.9598757605541928,3.623960859352807,3.2110042513201056,0.7854505037472157,70.74182512797685,0.021565405953450183,12.790748286632354,-932.1151587752057,279.79104775599416,40,pseudo_plastic
317,1.86976158471701,3.5532187981157293,3.366111304474157,0.30075591736621077,141.93103196180897,0.02899795331935835,8.991939519948344,-160.19672304433402,678.0668859467382,40,pseudo_plastic
318,2.4639583859079126,3.787624663116158,3.1845504410821017,0.5705129074162376,136.20680796860364,0.018920976369956963,14.908781793673404,-121.29796026380382,82.61721785228043,40,pseudo_plastic
319,2.704293498690452,3.570909547005002,3.286747698501849,0.43046662891899967,166.3070352670852,0.012169538101272174,16.303648059264425,-901.3245607585877,687.5654080924503,40,pseudo_plastic
320,2.4741227365497407,3.134849672471339,3.199203967793011,0.709207025878432,60.660230510022004,0.02741704607942572,17.343384342947903,-30.166854808984567,85.38847823790553,40,pseudo_plastic
321,3.403022314102109,3.5868612578844035,3.4962901751107625,0.5247857090173995,148.99234754481728,0.023293953063966054,10.339230522649213,-265.420887892083,431.7721113482508,40,pseudo_plastic
322,1.6955964008323425,3.7341881119094458,3.373970692973529,0.6766909069493576,120.75463230708924,0.026439677321007864,11.884491430835237,-733.3705638410348,444.47533233998723,40,pseudo_plastic
323,1.5218805170990413,3.846457996401348,3.146201281937967,0.634941282039328,118.81600071489233,0.016953715694226292,13.313970025031145,-899.1298151472187,700.7152141123082,40,pseudo_plastic
324,3.0739375048139737,3.0545189608088084,3.1121917100387315,0.764197028779034,142.45434004860743,0.019315567810064882,9.129115135131393,-818.1101884165032,957.1742994163455,40,pseudo_plastic
325,3.8905761064594038,3.8305393884335484,3.1295233251702257,0.3780069321707944,83.54403105471447,0.008855626773415387,12.547856001176022,-978.6770373465691,243.5154279557969,40,pseudo_plastic
326,3.168946529062955,3.2121617795769053,3.3489473670569865,0.902159678342607,86.08835110480493,0.024052591184363033,16.506585657804298,-980.0541786202504,729.3917556033231,40,pseudo_plastic
327,1.194119283350713,3.06338830509085,3.161618635141007,0.477017029120134,62.69821825509396,0.022234838191711723,10.78802595355326,-278.1444122358057,963.7448227410224,40,pseudo_plastic
328,1.287751084399574,3.0865332517852595,3.295902347970093,0.39687782313438386,128.19700856816053,0.02045184071930483,10.726820478608904,-537.1749235071326,973.0136886268881,40,pseudo_plastic
329,1.5413329688633168,3.2661430839746544,3.4323213235038144,0.8179630020615364,107.75660853139084,0.01726127194177757,10.071554697412958,-382.0380264909262,410.9460866251542,40,pseudo_plastic
330,2.9114173977156304,3.2469804367784154,3.3445834846704816,0.5849686481601226,66.4312933920984,0.02666139359019663,8.455590425904091,-582.8525221074837,486.9347051927947,40,pseudo_plastic
331,2.038886604781015,3.166899484279945,3.389809071281519,0.2680794816680312,136.40968321971164,0.01660259855760086,9.417104630459615,-34.08201872804875,887.4369024429055,40,pseudo_plastic
332,2.4037076155658794,3.303513659557565,3.1321788553420857,0.5719213922455018,137.93747609975378,0.019958831894072784,9.881600276059133,-601.6818164545718,177.34524478375732,40,pseudo_plastic
333,3.981015175753331,3.446435052340677,3.3202922074211214,0.5595461689502521,98.1797121093507,0.019055267403652616,8.510633466250484,-294.70502324905704,930.0235789891926,40,pseudo_plastic
334,3.2072916227388633,3.178558200157288,3.461240375254768,0.8054834701029686,143.83436394693348,0.015474441932417291,9.167451454121743,-524.9557332828908,606.4375330315454,40,pseudo_plastic
335,3.4895379752719276,3.1802108489165435,3.057846107711752,0.8058871830667615,172.72245691122,0.019778055654339138,12.08523647906619,-437.90235935212684,706.316540477805,40,pseudo_plastic
336,3.3226775583949872,3.746148078185164,3.0167988855115047,0.542549993368518,82.3965717085371,0.006623172462807679,19.91937854752903,-539.8689775181296,43.140548419501435,40,pseudo_plastic
337,2.444482283517691,3.3403898387570123,3.123985732040887,0.9331188445984806,129.10178648157267,0.028479437654971098,5.319315258024446,-357.2306565544635,289.60303431564546,40,pseudo_plastic
338,2.3566398098691073,3.7024713792553747,3.4944887040610024,0.31683441918890476,186.35576057482663,0.01754664393936331,6.922490854966771,-889.4075900923749,514.4939356846762,40,pseudo_plastic
339,1.3415440911500438,3.5109783410658544,3.3829298278351705,0.36608759454251094,80.29869711119144,0.009585949581208843,14.467588633421045,-487.0984077526475,911.6152526718525,40,pseudo_plastic
340,3.685123378730954,3.5178960799257486,3.138326619668892,0.9249063599909656,186.56873582882565,0.025552245789019615,14.2543534960877,-129.8535964558663,250.55581504771322,40,pseudo_plastic
341,2.9768828868456256,3.8016480332302534,3.3379819397144237,0.6251356080031025,81.14083167752447,0.008091809286384897,11.342741315413015,-828.8533284819244,181.78383115546893,40,pseudo_plastic
342,3.428251910395545,3.8227640201952067,3.4972885572921144,0.35694212076590737,65.73053678562356,0.026720729741494705,8.88845642234918,-134.43378018684507,152.5724404167011,40,pseudo_plastic
343,2.2823133353194223,3.2247210454001305,3.479122586320106,0.582877554185306,196.16479549180528,0.015252899527460582,15.025017545367465,-272.88739187180056,542.7673751678018,40,pseudo_plastic
344,1.4630654924437492,3.4547781918766547,3.17803706800681,0.7360767328261932,80.57264863184173,0.007550166772239955,5.9959089296105015,-542.273386960384,364.984622154282,40,pseudo_plastic
345,2.824357891479557,3.677615380280302,3.3992124897679314,0.4881980832172195,67.84229153472643,0.02492357743391174,7.346842345791648,-883.9721923496306,175.40395468127136,40,pseudo_plastic
346,3.4682237549209365,3.1222739246969735,3.035952010705083,0.4126672046332019,87.74094769603917,0.024542548916682196,12.415231360583281,-54.643876327402495,188.68837013319944,40,pseudo_plastic
347,3.233291724965161,3.799718153803707,3.376640871522521,0.5837923942486344,75.02966089558399,0.017862108740648374,8.482202239451375,-489.54508889533474,336.46326984089944,40,pseudo_plastic
348,3.6985308221041544,3.986222661920743,3.4743957945898556,0.372140455177207,69.10338303304371,0.025892789834781913,5.146685601918384,-394.7908764780419,578.249816201083,40,pseudo_plastic
349,3.041376344846123,3.9243208972915222,3.1453158280241964,0.33802558988051673,98.3488953831305,0.026896088237480256,18.052378368397306,-254.06601136103006,165.6032035617683,40,pseudo_plastic
350,2.3849948595673993,3.5055877610476407,3.431192444953039,0.6786393432567753,60.01186786520352,0.021310954635189276,13.080274455874061,-143.79987284722995,295.22686309668757,40,pseudo_plastic
351,3.6294019893074942,3.0091600083577554,3.122923727868555,0.28351756222308705,195.59442337060148,0.0237993457001896,18.49971561665253,-780.9275689160321,498.39523523860265,40,pseudo_plastic
352,2.1791260371081322,3.8522454679356652,3.0792187468047976,0.2872994333864639,175.52922365800092,0.024225377294914665,10.592307881372552,-509.89958578686026,423.87395409940376,40,pseudo_plastic
353,1.729264793979235,3.5690295260080087,3.487813897295968,0.8910139259817351,154.7616173878286,0.025241210109662012,18.007534930300643,-471.56509013103357,604.9691402814477,40,pseudo_plastic
354,3.987993731209947,3.88772808018222,3.042326588301217,0.6379050463749572,81.29596278139334,0.02246340473921055,9.4028253604639,-326.43365151852527,129.97845526352455,40,pseudo_plastic
355,3.172926275719002,3.952534213784725,3.4694308097135753,0.8846883963082861,54.56963547543085,0.02298636316661177,8.579727872591397,-556.2309837357817,100.74247019778876,40,pseudo_plastic
356,3.7156137051978164,3.960753562253621,3.2497300712705015,0.6333759933917117,113.62727393407445,0.02812266730679384,12.34798935459144,-148.60221415917556,218.7350324167152,40,pseudo_plastic
357,1.8098461060597113,3.2023219089392247,3.1185798528568904,0.514068189966979,108.07302783546247,0.025951887755797147,14.705906211643534,-714.9578336684949,880.6374805797913,40,pseudo_plastic
358,1.2730686923520294,3.1381061524886253,3.1871203330620097,0.6113712815854054,70.6239414821371,0.026316124800265867,7.929001539070528,-140.01316681571404,835.1389480087861,40,pseudo_plastic
359,3.0021264330597166,3.946130241205584,3.4667991584391054,0.43410106364079704,88.33536883382482,0.005182020336260746,17.83834314168142,-641.5320576612412,326.7739656519518,40,pseudo_plastic
360,3.179788874345583,3.1611988001558102,3.289364188004431,0.32231505659197823,117.88985877736368,0.0055899292827049545,11.2140503124512,-289.88483786193524,894.3646967146783,40,pseudo_plastic
361,1.2181451093941313,3.1246126464510047,3.4509679863705682,0.6563062968423633,198.17747764263595,0.008826620200704457,16.032464147167616,-252.68928004341115,667.0864915678208,40,pseudo_plastic
362,1.3801531695804696,3.7077545766926616,3.4295648827171688,0.2999706673600249,72.47185201344601,0.02273915981179441,15.210278332154745,-520.0363586763347,437.1889744864032,40,pseudo_plastic
363,2.410369549055647,3.606077251292688,3.101643893600756,0.5878506963255771,64.6884170591527,0.02458633766078466,7.019720995866132,-0.337764250895475,26.548118505072107,40,pseudo_plastic
364,3.559690821812561,3.2218641012010467,3.2710275384518157,0.7809659654130203,175.88440888526387,0.020850901445635985,13.127312714704363,-297.4400289590802,876.3488316089444,40,pseudo_plastic
365,3.25788140817839,3.0333060410264623,3.218444491381914,0.6004654535648193,89.76068041724625,0.01186744273344945,11.31652662419765,-646.5044730812954,338.30452117043205,40,pseudo_plastic
366,1.0712899134144913,3.362891075225769,3.40311208148218,0.7491905386307818,151.48020721968788,0.0166894585826514,10.626000266933413,-945.7599204156452,302.3221685200432,40,pseudo_plastic
367,2.135976103512312,3.207265873962887,3.070324395064017,0.8341924559447382,78.68665557387374,0.0058352313749560234,6.50467833537383,-925.3529429703599,194.05735750476683,40,pseudo_plastic
368,1.5364884585051626,3.330427464311731,3.099007933937336,0.5366475034907321,50.72843669827922,0.02658841604702387,5.0535600544345005,-353.81418492183695,305.40089436325616,40,pseudo_plastic
369,3.300419702796423,3.047684666092207,3.3026390056238117,0.8445381441948793,78.36366184400822,0.014581328761354335,14.743963922630947,-896.0974124914403,766.7773784357777,40,pseudo_plastic
370,1.774922898319143,3.65367229683419,3.323078467538715,0.5025482015268975,63.74190056432315,0.013464032980292605,9.92969694697079,-784.5594841003376,661.6473256601518,40,pseudo_plastic
371,1.509648738921179,3.6930243134716783,3.314900805497334,0.4927039070573387,194.95760675815868,0.028052712296943116,13.863117509312705,-301.4303848389534,420.2235747958815,40,pseudo_plastic
372,2.3492970300848293,3.2232436851884576,3.2792086599788948,0.9217396454357277,53.524633363483055,0.015843986164826723,5.152462847668251,-281.3549500410203,272.8071580329914,40,pseudo_plastic
373,1.436373438850786,3.5959703467254673,3.024569140532056,0.5340191338361289,145.51548434322876,0.025191573935479224,11.906120865817183,-634.2184299152709,474.41036357840994,40,pseudo_plastic
374,2.0774765014523364,3.4341909325934705,3.3119598013145897,0.6485041452091025,174.94200444074306,0.012139784267180851,14.193229833712003,-956.148196806983,699.4911097464011,40,pseudo_plastic
375,1.054153305651098,3.548691748751082,3.459607291070484,0.8572868460117286,182.0063782288329,0.015183757802147185,18.983185406473552,-312.0428217383816,161.82752797271402,40,pseudo_plastic
376,3.317400254444271,3.050870167299718,3.4549734728393413,0.7254885712283321,108.47679085276295,0.013320136213163587,9.106470573661557,-422.66170845343527,137.05960775744416,40,pseudo_plastic
377,1.9819896495486928,3.8053277137857315,3.1130490443468646,0.5940333425783011,194.71218625028345,0.007865295857544839,18.692021291168,-177.44816969265491,419.3875449449969,40,pseudo_plastic
378,1.8266202125801256,3.5382660890032827,3.136217033417773,0.768557386840578,74.22797557797452,0.010684173744626031,7.143495016255626,-201.80739176103543,443.8808900506655,40,pseudo_plastic
379,1.0325652757797767,3.131842649499636,3.4203941545300336,0.6281601178893523,59.18267904468032,0.019730933179071663,6.455950051758366,-825.3108719969172,135.35124644382597,40,pseudo_plastic
380,1.2984661653359706,3.374010265673801,3.3680071892700743,0.8668977213959775,94.9651089542322,0.020709889625027445,6.747216927332347,-994.8065093820428,450.57519308665525,40,pseudo_plastic
381,2.701760415729839,3.4618121045935943,3.0504341093468854,0.5177247836781553,121.31827835059485,0.024712011733299913,19.382171287944857,-235.18565400026898,362.3258756827234,40,pseudo_plastic
382,1.810367312973367,3.771754420999707,3.219598037324771,0.6270589137070568,189.58505984477267,0.023970149189571393,16.425343682730436,-804.6881054665157,823.2610596629293,40,pseudo_plastic
383,1.6812293139707593,3.1770097232101766,3.278483725848916,0.858606667027623,128.50900999019092,0.013518573365423468,16.393771851004367,-204.3611189335602,904.1933762433447,40,pseudo_plastic
384,2.059465093454633,3.8149946525638225,3.367160798698053,0.9365174204584408,84.51631875106541,0.007038789895561078,11.400532415456711,-402.0995691309105,190.75309347000663,40,pseudo_plastic
385,2.6794838774077494,3.5134414750784533,3.3463895962256807,0.2602992739935719,134.35407415884345,0.013636452451071125,17.9434129961345,-455.0182979323689,971.1459263614474,40,pseudo_plastic
386,3.2299783580047734,3.027182514705307,3.3534197209349275,0.32482505535166695,143.55756511381537,0.022382519944628018,7.623387116755996,-277.2473370878282,111.68373526518401,40,pseudo_plastic
387,1.588635175905493,3.3834595686814635,3.1059143371626794,0.7280767933026131,65.56378608662514,0.02054236250470489,9.689470422846469,-719.8820538015352,740.2153935122433,40,pseudo_plastic
388,1.4789828383071484,3.802701955396615,3.0920702576735035,0.39294610244772027,125.12718463021038,0.008996921551318008,15.894998729685778,-477.8589725729232,351.90056370743906,40,pseudo_plastic
389,3.292560283652542,3.2962543734908505,3.111565579016505,0.8104995600827534,160.33461047291945,0.01521216849627757,10.41313952727165,-193.13311630480212,832.9626295768609,40,pseudo_plastic
390,1.831620194153196,3.5978725728076544,3.17953491528101,0.8890897141294295,55.218545227540254,0.02870049130362245,12.223537158209027,-405.4453527551972,627.0193901671702,40,pseudo_plastic
391,3.0683995910608886,3.043880900987084,3.481801355835445,0.38172077301406676,173.58071942245894,0.015133013897179467,11.093326599113194,-87.73434191904687,476.0445855239261,40,pseudo_plastic
392,1.9163398210526355,3.8338931846075686,3.100440694624304,0.6812714279462246,71.03409017740864,0.021093039694088718,11.440237504812554,-202.6946536636725,399.15302126550216,40,pseudo_plastic
393,3.7402906244199268,3.4712053876455418,3.3038938835696077,0.5668653112573306,147.83901760771357,0.02804383871675925,13.632904348821373,-579.5996004991738,592.7355543792012,40,pseudo_plastic
394,1.6130311380517028,3.8505892617653688,3.1477061830349267,0.39966455696010666,60.85120565781021,0.014298184655893689,6.11874013155299,-241.51506375265512,808.6328586940297,40,pseudo_plastic
395,3.8953357989754633,3.2759661562427116,3.3342579935427565,0.2738609016604836,166.96194571804568,0.029634219468181244,12.989921694686794,-678.314349325128,386.76458477202044,40,pseudo_plastic
396,2.3628536335521817,3.6345132823545403,3.090697229394985,0.7828342237773831,107.29408639962409,0.00816504284345054,14.878512888198738,-248.2113233718627,681.6328596209079,40,pseudo_plastic
397,2.200322528394927,3.9546915044412874,3.3716716420527755,0.4272640571971599,171.70744768512787,0.011929347485229213,10.914695488080419,-222.7338001468571,308.89661324870275,40,pseudo_plastic
398,2.7783214997294094,3.731514154429582,3.3874099725425584,0.6917414062722167,194.1605314633864,0.015058677369870644,14.991113770215772,-242.00475398435844,401.1213611509522,40,pseudo_plastic
399,2.09073304045827,3.7688309762430605,3.053998503260411,0.7502392249191063,174.7570843739947,0.02369252704466991,17.855700511885598,-441.94265378524415,752.7968980438876,40,pseudo_plastic
400,3.01161820996777,3.5824264754338992,3.2073530615431443,0.30910840584125093,196.09745168315862,0.010283441986768269,7.25356843823333,-126.59187475193721,0.5993093473490463,40,pseudo_plastic
401,1.6442700200608051,3.6425482885282943,3.3972308705641407,0.6960561189069806,135.71510987368157,0.018353903118022763,19.462128572367213,-686.8289473326643,805.8786787852112,40,pseudo_plastic
402,2.5390707581087764,3.353377482932189,3.1035260938671616,0.34537023791404686,147.40154094081018,0.02018087310099519,10.051001957780997,-713.8332640082298,573.8545651816429,40,pseudo_plastic
403,3.8012255191695523,3.0594314611755418,3.4429230341125345,0.26661648327700493,128.60081538741827,0.021722067613372663,13.908869761160204,-963.1108514704724,509.740433476678,40,pseudo_plastic
404,3.62195646407777,3.1874412946470834,3.3452158881012064,0.5204698212149069,110.3317354985852,0.013427904320611493,19.311536854164938,-117.52996379195895,126.47654781563841,40,pseudo_plastic
405,2.845602526786517,3.45097916316669,3.0811212387936937,0.44565980521523096,171.05799920132512,0.02293349452570769,9.175607146286959,-438.12450539074257,373.0430667855063,40,pseudo_plastic
406,1.7581723075304505,3.5405686756130885,3.266320290287448,0.8785786683536924,167.23636249238703,0.018779656637766505,18.643261781418214,-918.4284042749565,797.2290677609898,40,pseudo_plastic
407,1.6967868270363198,3.901660444317893,3.2226883531773267,0.5199338613475742,92.02888744310172,0.00654166062450613,17.142419817618304,-103.81011955785516,440.94182083885516,40,pseudo_plastic
408,3.262057590527876,3.3002760051731177,3.4783729985802867,0.3563171135761875,83.87698070881015,0.015023491525177794,5.773095789709781,-275.49573137305686,992.4086537539381,40,pseudo_plastic
409,2.6698547284324503,3.2263567085699187,3.362915909817907,0.9095868292573728,168.38442156634568,0.025252130981647906,18.767756984097083,-755.949958359952,884.1969578836707,40,pseudo_plastic
410,3.461059121112724,3.117386346506006,3.356034057258618,0.6093218941985353,86.9369292038345,0.02546536724947724,6.595557319247392,-432.71081003769905,632.4260678225091,40,pseudo_plastic
411,3.57037814737053,3.2360370769976416,3.369146159520673,0.9186214563356137,57.71590626131732,0.027478287765153354,14.10459746112571,-449.59814877318604,526.9527255756879,40,pseudo_plastic
412,3.6688229776597714,3.6610255116988553,3.339747269921333,0.35805473220882256,74.49033138400318,0.026953445573227396,19.354204752466778,-5.212774719091726,663.7754995364688,40,pseudo_plastic
413,1.0384376502582877,3.1733914538953947,3.3790637285832457,0.32136341467004004,173.98279426788446,0.028240187839158003,8.183935450898844,-334.43234849860835,359.0839343669822,40,pseudo_plastic
414,1.5700132542396812,3.2923641710767306,3.185400301561542,0.581111454662763,69.97525340003719,0.020091481091896082,19.52690237542638,-989.26731519665,531.7215736278721,40,pseudo_plastic
415,2.682009373317924,3.864714190312785,3.2884617588663865,0.5113224661145985,58.91399646864723,0.01949423893828287,10.262123948175521,-113.8513006581677,124.46294945179271,40,pseudo_plastic
416,2.634888546717008,3.3700432552166646,3.2402533490131336,0.544310231484425,117.47715908553593,0.013102532103984897,16.705279408239225,-848.0234895165519,710.456922592877,40,pseudo_plastic
417,3.374372842559244,3.4734815025224304,3.213319612825835,0.5403006006523499,114.28177651953325,0.012099727566375743,9.04126157791562,-421.5241934029423,594.3985366258876,40,pseudo_plastic
418,3.024229702523353,3.8171217815737823,3.0458125055814924,0.6024597750508948,189.32026958999086,0.02983911199193871,17.493667079874616,-105.41363841328405,849.0549562247039,40,pseudo_plastic
419,2.5323877126603485,3.0246924758189104,3.395219833507883,0.7755270417363798,100.26130764257161,0.02514838848340357,9.969806593075814,-811.0174873453747,563.3455666242154,40,pseudo_plastic
420,2.990765513029673,3.119859474168278,3.4075655841834056,0.5963065890462175,124.97428328706678,0.029049351895158153,15.412233254381801,-146.82800020506568,95.48140382187543,40,pseudo_plastic
421,2.1847229417054725,3.7214092638690603,3.235824281160398,0.34721964153427826,165.57199828255273,0.02993462269626251,15.85469224573084,-154.96067501424182,859.7634831455563,40,pseudo_plastic
422,1.0790602729695065,3.477580524375569,3.4639309396083435,0.44885492102761854,153.2183095032429,0.009065508747440002,9.363531765297168,-6.218073613214301,614.6701753458782,40,pseudo_plastic
423,3.3908987300725597,3.7604387590272816,3.1710596203787276,0.8481067671732814,92.59549791280057,0.013822885349925686,8.04990766584855,-667.7763786592202,284.1331839474201,40,pseudo_plastic
424,1.5810266428813027,3.35680802830751,3.0556636412576195,0.8871372324726494,145.90530346898618,0.01712519613226606,6.049013393945369,-826.2570021941408,775.829750381037,40,pseudo_plastic
425,2.101107796523329,3.452166779440388,3.220410918945747,0.8035608204143522,178.2392050492901,0.005627009575783356,15.339123946047383,-964.2474670965917,617.5635413822622,40,pseudo_plastic
426,3.81367057543667,3.483067926554032,3.246380995952567,0.4854919698020608,120.99037808059248,0.018511185546163784,16.66615014299795,-853.4607755879686,229.38586929422948,40,pseudo_plastic
427,1.1909569049166389,3.9024993819330653,3.22959856115863,0.5019250393279018,196.8555452510194,0.022162079680589794,12.16243768171961,-515.3747165023942,641.4848332591625,40,pseudo_plastic
428,2.7834056268084777,3.8724477025123605,3.1658617310473094,0.9475053990966495,94.66493880604,0.016894485596724806,6.2358438298548755,-775.2088530170524,893.4994390305762,40,pseudo_plastic
429,1.966453904239138,3.0108734945260536,3.1145943170083417,0.944793147562655,189.80343147266177,0.029274625852960943,19.95275301674898,-478.4544007597324,50.4572205036662,40,pseudo_plastic
430,3.533906179364205,3.3432233192829495,3.01226377852928,0.8992436144187812,188.63077743971397,0.021249913290007586,6.899671453881998,-937.8530032305712,623.1290657844623,40,pseudo_plastic
431,2.9595178212702846,3.509875266937147,3.075875992935033,0.7047417756568626,95.01949578425388,0.009411205521405945,8.932653259068971,-681.6147073163476,32.714269867399125,40,pseudo_plastic
432,3.5240180754133568,3.8216702515838112,3.0041622985985024,0.2506094513496656,114.90309632869514,0.018028574315838115,8.817621700943416,-940.6941860985976,260.52255937324975,40,pseudo_plastic
433,1.72340757210217,3.732238848238701,3.2949688541220628,0.8964213532098207,116.13008667869073,0.022784515182014853,17.809481843427395,-381.0448059492336,916.7727216121735,40,pseudo_plastic
434,2.3032626372047984,3.151646427781282,3.4832129193415207,0.8296643590133084,143.1680587793232,0.022107287031184135,7.415090642328335,-298.6440638908118,802.7960371921472,40,pseudo_plastic
435,3.4404332728788094,3.458014235056547,3.276122129570128,0.29084583869927233,182.97333641170997,0.022613044974036454,11.994104550468233,-845.9758976040782,311.7791638224569,40,pseudo_plastic
436,1.3275624422211738,3.6969712326449775,3.4730152014594693,0.38067819751464693,61.9862865909669,0.006100233176136753,6.647404864712398,-610.4915262711115,109.3932422316224,40,pseudo_plastic
437,1.5664344055991135,3.7812958329853474,3.003349826285003,0.5122497401541035,183.75433092088332,0.017684505755278662,14.359771553424272,-245.7683346915502,332.8268329048091,40,pseudo_plastic
438,2.151195021511133,3.94345812628064,3.1342789200519685,0.670349065174334,98.76487183091119,0.021930962007740546,6.656116282420157,-261.34425251689913,331.57896757104794,40,pseudo_plastic
439,3.0765272119439344,3.93655390607587,3.13091262588227,0.8092872510361279,52.82447175121241,0.017189592741186935,17.070615349552057,-156.18178503225317,672.4430161861493,40,pseudo_plastic
440,2.8185538157502235,3.364257933227611,3.3582763008414065,0.6973473721918944,158.27375787906595,0.023813463476262554,8.364354668914928,-958.5685058314273,409.0385057426913,40,pseudo_plastic
441,1.7735320464946325,3.750160693747545,3.327087418934004,0.9087669846923989,91.34959814719664,0.012709611635984323,19.888899070517255,-363.1227886921646,717.9010173880421,40,pseudo_plastic
442,3.482874014040691,3.023556016319617,3.1885845052907618,0.8286142680736932,88.97619468151771,0.007427848436633334,19.701254537918633,-671.4699275349457,490.3195714777457,40,pseudo_plastic
443,1.1055386919488306,3.795762540196776,3.013489266166995,0.6669250726248321,87.49183814524594,0.0295513315507747,11.969271059690339,-12.152116886521412,799.6400833780847,40,pseudo_plastic
444,2.284680158698687,3.109082953277987,3.153905325101314,0.819588634379194,185.23298128355756,0.0071482183418152875,7.467597528192337,-559.3552858668835,216.36267103763797,40,pseudo_plastic
445,2.019786974230879,3.829293196585642,3.4213483731955234,0.7542524124842201,55.53440441495723,0.014899339878125747,18.402699361885304,-996.2920494147211,843.4205461180632,40,pseudo_plastic
446,2.7134976413258345,3.8815632158640607,3.315401293240291,0.79440897734061,86.81098824611612,0.0087254740051129,7.24104025826561,-668.3621229155796,938.5396027013112,40,pseudo_plastic
447,2.9347665630728588,3.093144017625934,3.4892489630469288,0.31062085649740173,173.1401552435729,0.017963541229978477,19.742497068249016,-928.1136585546656,415.34964648018206,40,pseudo_plastic
448,3.5289963781181166,3.4422321069020607,3.42854900505863,0.4595609743674128,103.47299935939822,0.014779915814129557,6.989416046123077,-531.9913484570272,247.89783599872294,40,pseudo_plastic
449,3.449809393620601,3.3102655063970308,3.3253303139634305,0.4751305999866417,127.12682307883543,0.012347975544653474,18.189165508870307,-891.1007499898845,140.88457011095787,40,pseudo_plastic
450,2.5071269995340093,3.0528289584990507,3.247959155018676,0.2772303180514643,75.78240180378408,0.01040461477840382,9.838976261471625,-359.5604260992774,370.732974400633,40,pseudo_plastic
451,1.424690046142616,3.7852041182194824,3.0291017448109634,0.4473779030126326,85.31466187245744,0.01275049115951533,12.291161000607076,-430.8914151191508,817.9930983852149,40,pseudo_plastic
452,3.418707103077202,3.1598186189370923,3.3759219164909227,0.284727184156358,179.45005131306223,0.011803994288286889,5.672535087320082,-757.5944782237614,259.3917088823494,40,pseudo_plastic
453,3.005362216218685,3.2865021186162062,3.1633192795013785,0.48077671886550655,105.42766602315712,0.013949512717442734,10.017705604618556,-305.73784227519684,630.7906252040113,40,pseudo_plastic
454,1.0287618247266495,3.097882364991375,3.270975356417363,0.6302987060452501,182.66487204841843,0.010036197172844992,13.554533073349267,-738.8210055723766,148.57212456317674,40,pseudo_plastic
455,1.277907390941172,3.2517552577237927,3.2430610761520215,0.7076276937798408,199.61879857091182,0.014306355753802208,18.57540477307887,-366.66990880680635,561.8039255198493,40,pseudo_plastic
456,1.0076009636506171,3.948023437922138,3.0731053898641436,0.2959548466736893,157.50493366191048,0.015516629403007045,19.444143265259108,-700.8666910962617,735.1423637195484,40,pseudo_plastic
457,2.2295308968594814,3.2390150709186423,3.4447111942709543,0.8771188124726348,130.68497769625583,0.012586310648734125,7.803450309214668,-111.7019934432459,896.4996168174008,40,pseudo_plastic
458,1.3323258342950004,3.2529713235956863,3.24555464687351,0.86027692624492,198.34974683057646,0.008266986957412494,6.577099299559777,-533.3043166302032,264.9080175545497,40,pseudo_plastic
459,2.32840903553726,3.7532467188089225,3.2231158818305454,0.8128311201919357,129.3136725961263,0.019529836374350497,12.83632716799766,-868.368040902855,185.13332694379477,40,pseudo_plastic
460,2.1971973518469983,3.941296773258828,3.1391789560180046,0.3981431782200505,170.654845359744,0.01984811339168187,12.8842750015285,-831.8490005784753,37.01523497334393,40,pseudo_plastic
461,1.7635345466319925,3.9717330809102727,3.3817457715555506,0.3539584299830261,56.384977623146334,0.0140873564173494,8.763176215769759,-589.0117014044502,966.8562224825021,40,pseudo_plastic
462,1.404004857878867,3.44447221117146,3.001529142094277,0.47129358428192125,136.08841805786352,0.019428557085057554,16.253781479901132,-464.70483039686815,460.27635751844826,40,pseudo_plastic
463,3.936306114798995,3.5030351510827584,3.4438042512342677,0.38617778834636085,100.93996233868081,0.019618445232681397,5.899494150831292,-695.2897291271079,913.3851209513581,40,pseudo_plastic
464,1.8038734370522937,3.3067924714741967,3.324973993357666,0.5286425020768328,111.74655044151402,0.005016516741050194,13.659901966308105,-716.4738414616019,92.96810714870935,40,pseudo_plastic
465,3.0477698743072983,3.7777661309801243,3.1943718686078753,0.5527895645644094,163.9046694274199,0.028691063078570788,16.80485190765402,-219.5864355171227,820.012646017054,40,pseudo_plastic
466,2.8322527161680826,3.580870037262587,3.0774170265213643,0.5557752964782382,116.85821991581888,0.009877027948162687,15.957991548780862,-935.4785599605611,708.5257211528838,40,pseudo_plastic
467,1.359105592292973,3.8830688405314135,3.347982672702369,0.9141438930355491,155.79093527048988,0.014179637940659226,12.603054563507143,-3.575979128293966,620.4129068773551,40,pseudo_plastic
468,1.9469874970171186,3.8608302494679965,3.212823682802644,0.37160903185292826,123.27674352014105,0.016094777362227464,18.921422786053633,-676.432597170947,178.1947817985199,40,pseudo_plastic
469,1.2562791517636125,3.8259899640803243,3.3729069079572755,0.551054476198112,134.95607206665352,0.02462289447889787,17.541626534078674,-435.13737826590227,655.0199992061405,40,pseudo_plastic
470,3.5915212745152387,3.625564966047365,3.287272905199035,0.36946930252950727,90.80755232797173,0.019919793750517827,10.55861738847307,-215.206099545666,629.957276880308,40,pseudo_plastic
471,3.097530560529157,3.1747614343432216,3.300800017598192,0.7622026686830617,76.77440843972576,0.021832076688090382,10.529199256113575,-706.8903305285519,525.432718900209,40,pseudo_plastic
472,3.7763177276294115,3.4332949368427426,3.1482932758325872,0.6672058986791004,69.20167169517994,0.00876726077661821,9.98997531661392,-960.9944424949815,853.0962699886722,40,pseudo_plastic
473,2.189820278472509,3.7288287422162885,3.0170656636662065,0.930830630934537,71.96005890313765,0.01817120757144564,10.843692541535848,-389.7963293080868,899.9482313304862,40,pseudo_plastic
474,2.520672223764689,3.7750685135597224,3.232957735223521,0.6735789802565326,102.67731395403203,0.011163807760133801,15.102276260359599,-535.0127938449479,299.8457801234324,40,pseudo_plastic
475,3.642242812844829,3.4979070784544692,3.208373135922346,0.8934686208349779,198.84774565222511,0.02303675838241866,14.230846376017139,-377.7156129743022,738.7762304548561,40,pseudo_plastic
476,2.157235220704698,3.561839036700415,3.2556622951785013,0.5427058774888069,117.6583257189705,0.009362926622239661,13.288193965964902,-892.8415960798635,159.62450816608094,40,pseudo_plastic
477,1.7899343497843014,3.399678075891753,3.167107593295225,0.28623287089263194,169.43362287355222,0.009759225213228459,17.26209458576311,-877.0542631758195,597.3017190281275,40,pseudo_plastic
478,2.0320498283508615,3.923702911794811,3.491033070625319,0.9231598003028577,152.03473063273276,0.026779452946909806,18.466326609131674,-548.9474270297978,215.37919898563214,40,pseudo_plastic
479,2.2069632961187446,3.968649044124213,3.3913848889424325,0.4543959895148799,153.1377584201507,0.010958468058376372,11.588512433072978,-42.66467742208647,512.2639726968964,40,pseudo_plastic
480,3.1528191301063835,3.9502783029273534,3.121304416629316,0.8262916949078959,177.02545069083695,0.022515548672178826,5.104492095066552,-360.0883810064946,86.57935098132404,40,pseudo_plastic
481,2.6462616913387493,3.9598680686197607,3.253934006927768,0.6214577112355377,164.06923934971567,0.017364688020083018,7.304486627623801,-183.09539508118417,613.2988549067325,40,pseudo_plastic
482,2.546960639887905,3.6870884852503076,3.0463724205151363,0.7135521878056978,188.32503206511012,0.006042434225713367,13.701380261994712,-371.48639030364313,380.75785336680485,40,pseudo_plastic
483,3.3375734919248736,3.9767494159962578,3.3016682168286406,0.4235984620049468,62.546693740585326,0.009918237073713521,19.595953678794412,-658.9373017821799,253.06602624727083,40,pseudo_plastic
484,2.929247483063238,3.309903811831981,3.0301811502294087,0.5569730127464855,127.54242121392592,0.02999326649287881,15.994367805737216,-263.5545925798963,818.9171582961058,40,pseudo_plastic
485,3.9157006640331122,3.5344073208106432,3.036253548267225,0.4694334896052811,88.07221047984555,0.017345625547668404,14.328433495273673,-593.8137698317405,196.45062356077275,40,pseudo_plastic
486,2.293381188059594,3.4927638607995575,3.2163840442594935,0.8606371367057066,109.39478806544696,0.00948840468668865,19.806648124408788,-632.627751197463,748.6579687187436,40,pseudo_plastic
487,2.849160001984794,3.438578645413021,3.0338929058830786,0.6926703928681666,124.10160011002661,0.018076308109588313,15.353869516087586,-499.8043003974179,404.01630687781494,40,pseudo_plastic
488,1.893866243914537,3.5241137648958096,3.409500650250078,0.9006550212464818,97.59917329065107,0.009746022328030079,16.068120179553173,-758.0876424055632,2.988473674763856,40,pseudo_plastic
489,2.665646753946655,3.3615226678088126,3.385407395338795,0.7609591934655268,152.32794507865185,0.01743593515189207,17.415974340254635,-492.79028087724555,639.2093273701352,40,pseudo_plastic
490,2.4228434550048927,3.4842939457315976,3.392991300962586,0.5688983928209864,173.7371468286862,0.025720038858325175,16.462969054935215,-399.9339896637016,277.43748331625176,40,pseudo_plastic
491,1.2359503408216608,3.4899013738909117,3.0743631586535796,0.5900693826881165,154.33567831256948,0.026042300854742562,5.515940813354485,-551.032718565419,90.76973979444456,40,pseudo_plastic
492,3.4557371462180084,3.282121094344454,3.2657377445357754,0.3275119247898084,114.54492188383291,0.028545234541754987,18.4301810600516,-418.9685560940751,611.9639700780735,40,pseudo_plastic
493,2.6588836978362274,3.0643295572464484,3.3314139685099904,0.8790392585017185,158.9557886646025,0.02609639321282796,10.495420067645167,-77.58892312474882,685.8833355717145,40,pseudo_plastic
494,2.578326146956112,3.256608427650593,3.440039380126212,0.27653512394733526,89.30581582451896,0.01329231766170617,9.624237474179772,-71.01443572055291,721.2801328240508,40,pseudo_plastic
495,2.257232358621532,3.404424374499179,3.1201745637138836,0.9176043263273616,58.45271725797702,0.006494263183720525,18.338318470193627,-107.63698636789468,434.66949816571685,40,pseudo_plastic
496,2.7923086767198204,3.3699013391521375,3.063624887569783,0.9349506387306314,65.20945980637111,0.00904350128884354,5.346300356917517,-8.045476008094852,844.876033586679,40,pseudo_plastic
497,1.440824288309055,3.417843658238349,3.4065678654691234,0.42507897561603325,186.95305806178396,0.02350854696431994,9.2880535093881,-682.860737398219,634.0591344822838,40,pseudo_plastic
498,3.784659546345752,3.006440612414141,3.1424101961375,0.2815085215669177,51.48936532402678,0.021186481027893576,19.40135795595902,-306.2847955292443,658.7929468695364,40,pseudo_plastic
499,2.3365574998916805,3.1029056352623643,3.023926161286925,0.3086653846308248,157.854273711299,0.016902230694531287,16.215069299304464,-101.8340403976714,955.1614377142107,40,pseudo_plastic
